time;ax (m/s^2);ay (m/s^2);az (m/s^2);aT (m/s^2)
0,018000;-0,3470;-0,0826;-0,4026;0,538
0,022000;-0,3189;-0,0676;0,7039;0,776
0,041000;-0,3121;-0,1651;0,5644;0,666
0,061000;-0,1964;-0,3916;0,2357;0,497
0,080000;-0,0379;-0,4829;0,0554;0,488
0,101000;0,2301;-0,4355;-0,1499;0,515
0,121000;0,2252;-0,3046;-0,2943;0,480
0,141000;0,0160;-0,2271;-0,2648;0,349
0,162000;-0,1361;-0,1190;-0,2057;0,274
0,181000;-0,2212;-0,0283;-0,4142;0,470
0,200000;-0,2405;-0,0003;-0,2892;0,376
0,222000;-0,2078;-0,0233;-0,0396;0,213
0,241000;-0,2121;-0,1221;0,1477;0,286
0,270000;0,0131;-0,0708;0,0816;0,109
0,291000;0,1714;0,0482;-0,1747;0,249
0,302000;0,2677;0,1750;-0,4770;0,574
0,323000;0,1293;0,0139;-1,1673;1,174
0,343000;-0,4682;0,1656;-1,1617;1,263
0,362000;-1,8819;2,1024;2,5212;3,784
0,382000;-1,0058;1,0320;3,3904;3,684
0,403000;1,4756;-1,4847;2,6030;3,340
0,423000;3,3139;-2,6087;-0,1559;4,220
0,443000;1,5411;0,1125;-1,5669;2,201
0,464000;-0,1538;0,7694;-0,4189;0,889
0,483000;0,2041;0,6577;2,0875;2,198
0,504000;-0,3711;0,7024;0,2786;0,842
0,524000;-1,2433;1,5145;-1,4288;2,425
0,544000;-1,8280;0,2013;-2,2962;2,942
0,564000;-2,6761;0,3715;-3,0454;4,071
0,587000;-3,1400;0,6656;-3,0194;4,407
0,604000;-1,9477;-0,9161;-2,4627;3,271
0,625000;-0,6517;-0,3729;-0,5388;0,924
0,645000;0,3496;-0,2601;1,6892;1,744
0,666000;1,2328;-0,6871;2,9686;3,287
0,685000;1,9288;-1,2432;3,0099;3,785
0,706000;1,9507;-0,7182;1,7280;2,703
0,726000;1,5991;-0,1785;0,3430;1,645
0,745000;0,6424;1,0033;-1,0365;1,579
0,766000;-1,2398;2,1706;-2,8479;3,789
0,785000;-1,3488;2,7485;-6,1688;6,887
0,806000;1,5276;1,5345;-5,0590;5,503
0,826000;2,4216;1,1438;-0,9480;2,841
0,845000;2,1236;-0,1259;0,8966;2,309
0,865000;0,1977;0,1396;0,6308;0,676
0,886000;-0,3314;0,2662;-0,0875;0,434
0,907000;0,7370;0,1663;0,3395;0,828
0,926000;0,6291;0,2457;1,1415;1,326
0,947000;0,4253;2,3802;1,3523;2,770
0,966000;0,3372;4,3587;2,5491;5,061
0,987000;1,3106;-0,0611;3,4580;3,699
1,007000;3,3929;-4,1221;3,7046;6,498
1,027000;1,4695;-1,6447;6,1111;6,497
1,046000;-1,6879;0,1163;2,2847;2,843
1,068000;-1,6674;0,0328;0,2635;1,688
1,087000;-0,7072;0,2749;-0,6479;0,998
1,108000;-0,4476;0,1570;-2,5669;2,610
1,127000;0,4458;-0,6353;-4,1532;4,225
1,147000;0,2039;-0,1084;-3,2523;3,260
1,168000;0,6362;-0,1480;-1,0791;1,261
1,188000;1,5009;-0,5687;0,1010;1,608
1,208000;0,0479;0,7484;0,5072;0,905
1,228000;-3,5765;5,2555;-0,6582;6,391
1,248000;-2,2842;3,1112;-1,9907;4,343
1,269000;1,6022;-3,5874;-2,0430;4,428
1,288000;2,6702;-2,4339;3,6435;5,131
1,310000;4,0300;-1,5944;6,7479;8,020
1,329000;2,1158;-0,8918;4,4177;4,979
1,350000;0,4739;-0,2601;3,2164;3,262
1,369000;-0,0066;-0,1122;1,4802;1,484
1,390000;-0,2173;0,5174;-1,2969;1,413
1,409000;-0,1709;0,9415;-3,7080;3,829
1,430000;-0,4803;0,8533;-3,4183;3,556
1,450000;-0,2751;0,1013;-2,0621;2,083
1,471000;-0,5443;-0,0277;-0,8289;0,992
1,491000;-0,6601;0,0157;-0,5503;0,860
1,511000;-0,3834;-0,1194;-0,7471;0,848
1,530000;0,1139;-0,1691;-0,9911;1,012
1,552000;0,4298;0,0057;-1,3563;1,423
1,572000;0,3514;-0,0626;-1,0378;1,098
1,592000;0,0087;-0,0254;0,5169;0,518
1,613000;-0,3702;-0,0769;2,1280;2,161
1,632000;-0,4731;-0,0100;2,5093;2,554
1,653000;-0,1095;-0,0173;1,2983;1,303
1,673000;0,3888;-0,0165;-0,6888;0,791
1,692000;0,7296;0,2270;-1,7739;1,931
1,713000;0,4393;0,2979;-0,8532;1,005
1,732000;0,2264;0,1230;0,0762;0,269
1,752000;0,2997;-0,0682;0,2815;0,417
1,773000;-0,0348;-0,0388;-0,0763;0,092
1,792000;-0,2265;0,1895;-0,7232;0,781
1,812000;0,0263;0,1400;-1,2287;1,237
1,834000;0,1180;0,0664;-1,0271;1,036
1,854000;-0,0554;0,0309;-0,0137;0,065
1,874000;-0,1015;-0,1291;0,5549;0,579
1,894000;-0,1508;-0,0764;0,2804;0,327
1,915000;-0,2565;-0,0378;0,0502;0,264
1,933000;-0,2116;0,0063;0,0711;0,223
1,959000;-0,1412;0,0298;-0,1492;0,208
1,975000;-0,2105;-0,0093;-0,0367;0,214
2,002000;-0,1695;-0,1045;0,1926;0,277
2,031000;-0,0527;-0,1015;0,4072;0,423
2,033000;0,1455;-0,1053;0,4195;0,456
2,055000;0,0836;0,0029;0,0522;0,099
2,075000;0,1636;0,0451;-0,2240;0,281
2,113000;0,0730;0,0165;-0,0488;0,089
2,118000;0,1295;0,0293;-0,0454;0,140
2,145000;0,1690;0,0613;-0,2743;0,328
2,160000;0,1084;0,0704;-0,2278;0,262
2,178000;0,0517;0,0330;-0,2369;0,245
2,210000;0,0833;-0,0600;-0,0260;0,106
2,238000;0,0042;-0,1175;0,2261;0,255
2,239000;-0,0983;-0,0189;0,0865;0,132
2,257000;-0,0413;0,0586;-0,0230;0,075
2,277000;0,0835;0,1671;-0,2409;0,305
2,309000;-0,1092;0,2916;-0,8263;0,883
2,341000;-0,0942;0,2265;-0,4146;0,482
2,342000;0,1324;-0,0492;0,1144;0,182
2,357000;0,0568;-0,1033;0,1100;0,161
2,378000;0,0677;-0,1230;-0,0214;0,142
2,397000;-0,0017;-0,1710;0,3556;0,395
2,418000;-0,1119;-0,2592;0,5382;0,608
2,438000;-0,2031;-0,1977;0,4140;0,502
2,459000;-0,1971;-0,1752;0,5539;0,613
2,483000;-0,0068;-0,1712;0,3728;0,410
2,510000;0,0222;-0,0624;0,1952;0,206
2,519000;-0,0237;-0,0417;-0,0337;0,059
2,538000;-0,1411;-0,1296;-0,0080;0,192
2,559000;-0,0551;-0,0473;0,1383;0,156
2,580000;0,1551;0,0720;-0,0944;0,195
2,598000;0,0074;0,1265;-0,2224;0,256
2,619000;-0,1953;0,0953;-0,2164;0,307
2,640000;0,0461;-0,0437;-0,0418;0,076
2,660000;0,1412;-0,1048;0,0842;0,195
2,680000;-0,0998;-0,0642;-0,0330;0,123
2,700000;-0,2306;-0,1398;0,1631;0,315
2,720000;-0,3374;-0,1701;0,4222;0,567
2,740000;-0,1610;-0,1241;0,1450;0,250
2,760000;-0,0197;-0,0064;-0,0212;0,030
2,780000;0,0010;0,0466;-0,1501;0,157
2,801000;0,2179;0,0752;-0,2341;0,329
2,820000;0,2950;0,1558;-0,3643;0,494
2,839000;0,2740;0,1741;-0,3757;0,496
2,860000;0,2464;0,0832;-0,1334;0,292
2,881000;0,2918;0,0835;-0,1694;0,348
2,904000;0,2440;0,0979;-0,4479;0,519
2,921000;0,2870;0,0760;-0,5449;0,621
2,941000;0,2331;0,0431;-0,1396;0,275
2,962000;0,2476;0,0412;0,0660;0,260
2,981000;0,0296;0,0828;0,0828;0,121
3,002000;-0,2938;0,0617;0,0346;0,302
3,030000;-0,0947;-0,0014;0,3710;0,383
3,042000;0,0771;-0,0858;0,6950;0,704
3,062000;0,0514;-0,0836;0,4263;0,437
3,082000;0,0266;-0,0834;0,1495;0,173
3,102000;-0,1459;-0,0638;0,1175;0,198
3,122000;-0,0913;-0,0360;0,0377;0,105
3,143000;0,1050;0,0186;-0,1546;0,188
3,164000;0,1481;0,0694;-0,4365;0,466
3,184000;0,1052;0,0910;-0,5987;0,615
3,203000;0,0034;0,0399;-0,3269;0,329
3,224000;0,0999;0,0055;-0,2395;0,260
3,242000;0,1351;0,0954;-0,5097;0,536
3,263000;0,1042;0,1310;-0,4707;0,500
3,285000;-0,0016;0,1139;-0,2573;0,281
3,304000;0,0070;0,0760;-0,1402;0,160
3,324000;0,0352;-0,0429;-0,0730;0,092
3,344000;-0,0240;-0,0851;0,0046;0,089
3,364000;-0,1108;-0,0924;0,2134;0,258
3,386000;-0,1014;-0,0987;0,3205;0,350
3,405000;-0,0861;-0,0514;0,2314;0,252
3,424000;-0,1172;0,0520;0,0617;0,142
3,445000;-0,1014;0,0693;-0,0241;0,125
3,465000;-0,0918;0,0479;0,1771;0,205
3,486000;-0,0267;0,0147;0,1499;0,153
3,505000;0,0658;-0,0108;0,0281;0,072
3,530000;0,0084;-0,0085;-0,0499;0,051
3,546000;0,0139;-0,0349;-0,0416;0,056
3,565000;-0,0492;-0,0336;-0,0089;0,060
3,586000;-0,0628;-0,0522;-0,1053;0,133
3,606000;0,0074;-0,0699;-0,1350;0,152
3,626000;0,0408;0,0070;-0,1474;0,153
3,646000;0,0325;-0,0066;-0,0356;0,049
3,666000;0,0071;-0,0041;0,0251;0,026
3,687000;0,0994;0,0562;-0,0820;0,141
3,706000;0,1376;0,0809;-0,1379;0,211
3,726000;0,0504;0,0487;-0,0820;0,108
3,747000;0,0378;-0,0116;-0,0335;0,052
3,766000;0,0833;-0,0503;0,0613;0,115
3,787000;0,1051;-0,0692;0,0510;0,136
3,807000;0,0070;-0,0325;0,0467;0,057
3,827000;-0,0456;0,0006;0,1260;0,134
3,846000;0,0251;0,0436;0,1014;0,113
3,868000;0,0424;0,0318;-0,0654;0,084
3,887000;0,0774;-0,0167;-0,1132;0,138
3,908000;-0,0717;-0,0167;0,0164;0,075
3,928000;-0,0340;0,0163;-0,0408;0,056
3,949000;0,0460;-0,0071;-0,1182;0,127
3,968000;0,0823;-0,0268;-0,1642;0,186
3,988000;-0,0025;-0,0173;-0,0500;0,053
4,008000;-0,0027;0,0178;-0,0058;0,019
4,029000;0,0100;0,0607;-0,1526;0,165
4,048000;0,0377;0,0396;-0,1846;0,193
4,069000;0,0709;-0,0058;-0,0632;0,095
4,088000;0,0209;-0,0318;0,1388;0,144
4,109000;0,0070;-0,0123;0,0971;0,098
4,129000;0,0418;0,0154;-0,0065;0,045
4,149000;0,0033;0,0187;-0,0421;0,046
4,170000;0,0328;0,0131;0,0233;0,042
4,191000;-0,0589;-0,0058;0,0397;0,071
4,209000;-0,0665;-0,0227;-0,0386;0,080
4,229000;0,0179;-0,0249;-0,0549;0,063
4,250000;-0,0649;-0,0386;-0,1404;0,159
4,271000;-0,1445;-0,0755;-0,0763;0,180
4,290000;-0,0272;-0,1080;0,1592;0,194
4,311000;0,0886;-0,0561;0,0925;0,140
4,330000;0,0505;0,0402;-0,2777;0,285
4,351000;0,0051;0,0109;-0,2063;0,207
4,371000;0,0949;-0,0618;0,1100;0,158
4,392000;0,0587;-0,0685;0,1603;0,184
4,411000;0,0762;-0,0149;0,0451;0,090
4,432000;0,0621;0,0241;-0,0182;0,069
4,452000;0,0620;-0,0178;-0,0045;0,065
4,473000;0,0612;-0,0765;0,0634;0,117
4,492000;0,0660;-0,0205;-0,0701;0,098
4,512000;0,0867;0,0338;-0,2194;0,238
4,533000;0,0409;-0,0192;-0,1358;0,143
4,552000;0,0489;-0,0304;-0,0851;0,103
4,573000;0,0342;-0,0259;-0,0831;0,094
4,594000;-0,0050;-0,0683;-0,0725;0,100
4,612000;0,0514;-0,0778;-0,0515;0,107
4,633000;0,0303;-0,0328;-0,0890;0,100
4,653000;-0,0043;-0,0385;-0,0364;0,053
4,674000;-0,0579;-0,0470;0,0518;0,091
4,693000;-0,0283;-0,0341;0,0469;0,065
4,714000;0,0179;-0,0211;0,0591;0,065
4,733000;0,0178;0,0264;0,0041;0,032
4,754000;-0,0127;0,0479;-0,0792;0,093
4,773000;-0,0562;-0,0076;-0,0978;0,113
4,794000;-0,0510;0,0156;0,0201;0,057
4,813000;-0,0483;0,0234;-0,0632;0,083
4,834000;-0,1249;-0,0065;-0,1038;0,163
4,854000;-0,0925;-0,0941;0,0357;0,137
4,874000;-0,1097;-0,1107;0,1252;0,200
4,894000;-0,0831;-0,1107;0,0680;0,154
4,915000;0,0288;-0,0546;0,0263;0,067
4,936000;-0,0091;-0,0204;0,0531;0,058
4,954000;0,0136;0,0241;-0,1179;0,121
4,975000;0,0570;0,0043;-0,1896;0,198
5,001000;0,1190;-0,0081;-0,1765;0,213
5,024000;0,1953;-0,0086;-0,0920;0,216
5,036000;0,0973;-0,0296;-0,0410;0,110
5,056000;0,1436;-0,0604;-0,0718;0,172
5,076000;0,1315;-0,0242;-0,1605;0,209
5,101000;0,0460;-0,0531;-0,1372;0,154
5,124000;-0,0320;-0,0732;-0,0265;0,084
5,137000;-0,0230;-0,0651;0,0358;0,078
5,157000;-0,0235;-0,0472;0,0671;0,085
5,178000;-0,0022;-0,0341;-0,0455;0,057
5,199000;-0,0300;-0,0201;-0,0769;0,085
5,218000;-0,0396;0,0383;-0,0230;0,060
5,241000;0,0341;0,0572;0,0363;0,076
5,258000;0,0967;0,0365;0,0675;0,123
5,278000;0,0544;0,0274;0,0433;0,075
5,298000;0,0317;0,0525;0,0043;0,061
5,319000;0,0040;0,0683;-0,0397;0,079
5,342000;-0,0269;0,0125;-0,0214;0,037
5,359000;-0,0545;-0,0301;-0,0073;0,063
5,378000;-0,0827;-0,0633;-0,0171;0,105
5,399000;-0,1116;-0,0923;-0,0412;0,151
5,419000;-0,0873;-0,1388;0,0154;0,165
5,442000;0,0217;-0,1295;0,0544;0,142
5,459000;0,0776;-0,0979;-0,0402;0,131
5,479000;0,0754;-0,0878;-0,1464;0,187
5,499000;0,0127;-0,0826;-0,0919;0,124
5,520000;0,0560;-0,1040;0,0939;0,151
5,544000;0,1149;-0,1149;0,0611;0,174
5,559000;0,1186;-0,0577;-0,1738;0,218
5,581000;0,0617;-0,0663;-0,2346;0,251
5,599000;0,0506;-0,1120;0,0058;0,123
5,619000;0,1040;-0,1126;0,0796;0,173
5,649000;0,1378;-0,0964;-0,0465;0,174
5,661000;0,1924;-0,0347;-0,1352;0,238
5,680000;0,1012;0,0196;-0,0623;0,120
5,699000;0,0238;-0,0319;0,0155;0,043
5,721000;0,0044;-0,0706;0,0123;0,072
5,741000;0,0150;-0,0759;0,0285;0,082
5,760000;-0,0324;-0,0922;-0,0164;0,099
5,781000;-0,1327;-0,0917;0,0379;0,166
5,802000;-0,1866;-0,1138;0,0082;0,219
5,822000;-0,1373;-0,1309;-0,0457;0,195
5,842000;-0,1040;-0,1427;-0,0808;0,194
5,863000;-0,1295;-0,1917;-0,0978;0,251
5,883000;-0,1863;-0,1473;-0,1393;0,275
5,903000;-0,2298;-0,0877;-0,1099;0,269
5,933000;-0,1544;-0,0637;-0,0544;0,176
5,943000;-0,0616;-0,0412;0,0744;0,105
5,962000;0,0786;-0,0264;0,2022;0,219
5,983000;0,3045;0,0091;0,3106;0,435
6,003000;0,3542;0,0878;0,1689;0,402
6,022000;0,3159;0,1028;0,0084;0,332
6,050000;0,1833;0,1138;-0,0801;0,230
6,066000;0,0784;0,1118;-0,0929;0,165
6,084000;0,0186;-0,0006;-0,0869;0,089
6,104000;0,0139;-0,0597;-0,0903;0,109
6,124000;-0,1248;-0,1247;-0,1202;0,213
6,145000;-0,1228;-0,1978;0,0306;0,235
6,165000;-0,0379;-0,2630;0,1880;0,325
6,184000;0,0125;-0,2479;0,1810;0,307
6,204000;0,0640;-0,1782;0,1034;0,216
6,225000;0,0586;-0,0879;0,0594;0,121
6,248000;0,1136;-0,0266;0,0277;0,120
6,265000;0,1048;0,0006;-0,0482;0,115
6,285000;0,1590;0,0338;-0,1157;0,200
6,306000;0,0904;0,0813;-0,1527;0,195
6,326000;0,0211;0,0449;-0,1549;0,163
6,350000;0,0750;0,0087;-0,1459;0,164
6,365000;0,0758;-0,0287;-0,0815;0,115
6,386000;0,1396;-0,0501;0,0398;0,154
6,406000;0,1090;-0,0384;0,0852;0,144
6,426000;0,0220;-0,0275;0,0448;0,057
6,445000;0,0060;-0,0211;0,0327;0,039
6,466000;0,0324;-0,0296;-0,0193;0,048
6,486000;0,0436;-0,0552;-0,1062;0,127
6,508000;0,0644;-0,0624;-0,0249;0,093
6,527000;0,1445;-0,0318;-0,1013;0,179
6,548000;0,0792;0,0224;-0,1323;0,156
6,567000;-0,0283;-0,0373;0,0114;0,048
6,587000;-0,0363;-0,0905;0,0845;0,129
6,608000;0,0187;-0,0878;0,0913;0,128
6,628000;0,0483;-0,0369;-0,1436;0,156
6,647000;0,0407;0,0371;-0,1596;0,169
6,667000;0,0117;0,0743;-0,0311;0,081
6,687000;-0,0787;0,0971;-0,0895;0,154
6,708000;-0,0696;0,0223;-0,0206;0,076
6,727000;-0,0235;-0,0141;-0,0352;0,045
6,750000;-0,0605;0,0157;-0,0760;0,098
6,766000;-0,0745;0,0130;0,0263;0,080
6,790000;-0,0066;-0,0266;0,0301;0,041
6,807000;-0,0159;-0,0681;-0,0735;0,101
6,828000;-0,0308;-0,1257;-0,0028;0,129
6,847000;0,0034;-0,0795;-0,0368;0,088
6,870000;0,0285;-0,0502;-0,0817;0,100
6,888000;0,0940;-0,0317;-0,0564;0,114
6,909000;0,1488;0,0081;-0,2008;0,250
6,928000;0,1556;0,0390;-0,2799;0,323
6,950000;0,1546;-0,0307;-0,1325;0,206
6,969000;0,0471;-0,0782;0,0059;0,091
6,989000;0,0570;-0,0391;0,0248;0,073
7,009000;0,1470;0,0033;0,1015;0,179
7,030000;0,1318;0,0596;0,0300;0,148
7,049000;0,1245;0,0326;0,0959;0,160
7,070000;0,0690;-0,0585;0,2547;0,270
7,089000;-0,0696;-0,0885;0,2007;0,230
7,111000;-0,1970;-0,0687;-0,0382;0,212
7,130000;-0,1677;-0,0590;-0,1519;0,234
7,151000;-0,1149;-0,0415;-0,1671;0,207
7,172000;-0,0646;-0,0370;-0,3128;0,322
7,191000;0,0016;-0,0586;-0,4512;0,455
7,210000;-0,0578;-0,0846;-0,3523;0,367
7,230000;-0,0544;-0,1378;-0,1714;0,227
7,251000;0,0614;-0,1142;-0,0915;0,159
7,272000;0,0860;-0,0909;-0,0208;0,127
7,291000;0,0529;-0,0044;0,0068;0,053
7,313000;0,0159;0,0776;0,0337;0,086
7,332000;0,0332;0,0929;0,0166;0,100
7,351000;0,1110;0,1419;-0,0895;0,201
7,371000;0,1144;0,0569;0,0519;0,138
7,394000;0,0754;-0,0282;0,1543;0,174
7,412000;0,1541;-0,0550;0,1387;0,214
7,433000;0,1259;-0,0319;-0,0144;0,131
7,452000;0,0044;-0,0214;-0,1342;0,136
7,473000;0,0123;-0,0300;-0,1198;0,124
7,494000;-0,0474;-0,0326;-0,1638;0,174
7,514000;-0,0800;-0,0046;-0,1895;0,206
7,533000;-0,0918;-0,0327;-0,2022;0,224
7,554000;-0,2111;-0,0483;-0,1112;0,243
7,573000;-0,1317;-0,0761;-0,0316;0,155
7,595000;-0,0144;-0,0867;-0,0945;0,129
7,614000;0,0467;-0,0212;-0,1242;0,134
7,634000;0,0204;0,0787;-0,0935;0,124
7,654000;0,0234;0,1089;-0,0074;0,112
7,675000;0,0186;0,0404;0,2719;0,276
7,695000;-0,0296;-0,0355;0,3737;0,377
7,714000;-0,0274;0,0088;0,0162;0,033
7,734000;0,0146;0,0037;-0,1331;0,134
7,755000;0,0618;-0,0097;-0,0090;0,063
7,774000;0,0972;-0,0394;0,0483;0,115
7,795000;0,1095;0,0111;-0,1386;0,177
7,819000;0,0813;0,0350;-0,2351;0,251
7,836000;0,0517;-0,0002;-0,1992;0,206
7,856000;-0,0017;-0,0138;-0,1409;0,142
7,876000;-0,0077;-0,0138;-0,1006;0,102
7,895000;0,0228;-0,0549;-0,0197;0,063
7,920000;0,0252;-0,0688;0,0529;0,090
7,939000;-0,0220;-0,0470;0,1423;0,151
7,956000;0,0026;-0,0491;0,1292;0,138
7,977000;0,0770;-0,0214;0,0090;0,080
7,996000;0,0786;-0,0029;-0,1020;0,129
8,017000;0,0301;-0,0108;-0,0998;0,105
8,036000;0,0969;-0,0104;-0,0777;0,125
8,058000;0,0368;-0,0567;-0,2337;0,243
8,078000;-0,0523;-0,1241;-0,2129;0,252
8,098000;0,0518;-0,1577;0,0859;0,187
8,117000;0,0948;-0,0899;0,0855;0,156
8,138000;0,0771;-0,0132;-0,0482;0,092
8,158000;0,0638;0,0147;-0,0524;0,084
8,179000;0,0668;-0,0184;-0,0572;0,090
8,199000;0,0453;-0,0309;-0,0678;0,087
8,218000;0,0155;-0,0143;-0,0354;0,041
8,239000;0,0408;-0,0175;-0,0267;0,052
8,258000;-0,0335;-0,0405;0,0255;0,058
8,279000;-0,0174;-0,0809;0,0313;0,088
8,298000;0,0277;-0,0730;0,0470;0,091
8,323000;0,0451;-0,0625;-0,0606;0,098
8,339000;-0,0331;-0,0480;-0,1319;0,144
8,360000;-0,0116;-0,0743;-0,1001;0,125
8,380000;0,0234;-0,0905;0,0658;0,114
8,400000;-0,0087;-0,0689;0,1344;0,151
8,420000;0,1065;-0,0172;0,0855;0,138
8,439000;0,2304;-0,0309;0,0046;0,232
8,459000;0,2298;0,0061;-0,0921;0,248
8,481000;0,1603;0,0088;-0,1784;0,240
8,500000;0,0045;-0,0113;-0,1774;0,178
8,521000;-0,0452;-0,0384;-0,1447;0,156
8,540000;-0,0265;-0,0665;-0,1116;0,133
8,561000;-0,0666;-0,0657;-0,1410;0,169
8,581000;-0,1282;-0,0653;-0,1778;0,229
8,607000;-0,1096;-0,0983;0,0675;0,162
8,621000;-0,0893;-0,1324;0,2084;0,263
8,645000;-0,0274;-0,0919;0,0851;0,128
8,661000;0,0065;-0,0012;-0,0676;0,068
8,682000;0,0176;-0,0293;0,0519;0,062
8,701000;0,0735;-0,0652;0,0865;0,131
8,721000;0,0328;-0,0222;-0,0827;0,092
8,742000;0,0595;0,0226;-0,2348;0,243
8,762000;0,0731;0,0035;-0,2445;0,255
8,782000;0,0463;-0,0496;-0,1270;0,144
8,804000;-0,0186;-0,0662;0,0000;0,069
8,823000;0,0086;-0,0601;-0,0201;0,064
8,843000;-0,0253;-0,0292;-0,0306;0,049
8,863000;-0,1058;-0,0181;-0,0268;0,111
8,884000;-0,0982;-0,0396;0,0338;0,111
8,902000;-0,0334;-0,0809;0,1133;0,143
8,923000;0,0041;-0,1017;0,0325;0,107
8,943000;0,0587;-0,0708;-0,0625;0,111
8,963000;0,0682;-0,0098;-0,0853;0,110
8,984000;0,0356;-0,0263;-0,0647;0,078
9,006000;0,0828;-0,0439;0,0337;0,100
9,024000;-0,0049;-0,0501;0,0570;0,076
9,045000;0,0050;-0,0655;0,2140;0,224
9,064000;0,1139;-0,0616;0,2933;0,321
9,083000;0,0346;0,0882;-0,0547;0,109
9,105000;0,0782;0,0003;-0,1538;0,173
9,124000;0,2325;0,1130;-0,4158;0,490
9,147000;0,2605;0,0876;-0,6118;0,671
9,167000;0,0929;-0,0690;-0,0975;0,151
9,185000;-0,2717;-0,1835;0,3696;0,494
9,206000;-0,4066;-0,4846;0,5108;0,813
9,225000;-0,5528;-0,4192;0,4015;0,802
9,246000;-0,5486;-0,1136;0,3835;0,679
9,265000;-0,3070;0,1170;0,3740;0,498
9,286000;0,2712;0,0370;0,0646;0,281
9,309000;1,3827;-0,1795;0,6713;1,548
9,326000;1,7659;0,3084;0,4068;1,838
9,346000;1,3097;0,6712;-0,8276;1,688
9,366000;0,3787;0,5647;-0,9051;1,132
9,387000;-0,0063;0,1626;-0,5563;0,580
9,406000;0,3367;-0,1083;-0,3709;0,513
9,427000;0,3361;-0,1390;-0,4388;0,570
9,446000;0,1302;-0,1606;-0,3726;0,426
9,467000;-0,0033;-0,1879;0,0804;0,204
9,486000;-0,0246;-0,2812;0,4624;0,542
9,507000;0,2046;-0,2526;0,7078;0,779
9,526000;0,4794;-0,0537;0,7114;0,860
9,547000;0,4781;0,0807;0,3829;0,618
9,567000;0,6378;0,0932;0,2452;0,690
9,588000;0,7650;0,0886;-0,0446;0,771
9,608000;0,7160;0,0675;-0,4739;0,861
9,628000;0,5669;0,0977;-0,7167;0,919
9,647000;0,5590;0,0189;-1,2552;1,374
9,668000;0,0607;-0,2948;-1,1898;1,227
9,688000;-0,5432;-0,6135;-0,9398;1,247
9,712000;-1,6490;1,2819;2,6559;3,379
9,729000;0,8609;0,6614;3,3090;3,483
9,749000;1,7822;-2,1259;1,1647;3,009
9,767000;-1,3006;-0,5915;1,3334;1,954
9,805000;-3,1463;2,1807;1,3536;4,060
9,812000;-2,2990;2,2567;1,4445;3,531
9,839000;-0,8112;2,5477;1,6884;3,162
9,853000;2,1607;4,3014;0,8548;4,889
9,873000;5,3412;5,1751;-0,5373;7,456
9,890000;7,0034;6,4439;-0,5649;9,534
9,911000;7,7163;8,5543;1,5868;11,629
9,932000;8,0885;10,4298;3,1497;13,569
9,954000;6,3358;11,4343;4,3077;13,764
9,972000;3,2348;12,8815;3,9952;13,869
9,995000;0,6674;12,6941;-4,3431;13,433
10,016000;-3,4040;15,7190;-6,7953;17,460
10,037000;-8,2114;15,2785;-4,3972;17,894
10,053000;-14,0030;11,2658;-2,3287;18,122
10,070000;-18,9056;7,1689;-0,6195;20,229
10,090000;-21,2391;3,0180;-0,1788;21,453
10,111000;-22,9921;-0,7215;3,1606;23,220
10,132000;-22,0512;-3,1735;8,5905;23,877
10,151000;-16,4624;-6,5844;13,5958;22,343
10,172000;-11,3458;-6,3808;15,3216;20,105
10,193000;-5,7823;-4,0222;10,5492;12,685
10,211000;1,7833;0,4359;9,3075;9,487
10,231000;13,7442;7,7342;7,8933;17,636
10,251000;6,7731;9,4612;2,6205;11,927
10,272000;0,8300;2,2948;3,2944;4,100
10,292000;1,1698;-5,4182;5,8265;8,042
10,313000;-4,6766;-1,6004;5,6998;7,545
10,334000;-5,5438;3,7228;-5,4871;8,643
10,353000;-2,8701;4,2399;-9,4266;10,727
10,375000;0,6650;0,9530;-3,6038;3,787
10,393000;2,9033;-1,1948;1,2684;3,386
10,413000;1,9148;-2,3653;2,3421;3,840
10,433000;-0,8262;-3,5185;2,5988;4,452
10,457000;-5,2607;1,3551;2,1944;5,859
10,474000;-4,2638;4,5232;0,9152;6,283
10,494000;-4,1015;1,5399;1,0511;4,505
10,517000;-0,6910;1,9987;-0,5052;2,174
10,538000;7,7282;3,3033;-2,0673;8,655
10,555000;9,1520;2,3444;-2,5531;9,786
10,575000;6,3619;0,9370;-0,0443;6,431
10,599000;5,6977;-0,3472;5,5242;7,944
10,615000;4,6197;-0,2697;7,5190;8,829
10,635000;2,8314;0,0342;6,2716;6,881
10,654000;2,5602;1,3725;3,7867;4,773
10,676000;0,4054;3,4039;0,7017;3,499
10,695000;-0,4146;2,3546;0,5678;2,457
10,716000;-2,7620;0,3647;-1,1032;2,996
10,737000;-3,7560;-2,5454;-4,9930;6,747
10,756000;-2,7620;-3,5805;-3,3743;5,642
10,775000;0,8364;-3,3768;-3,1136;4,669
10,800000;3,4082;-2,4817;-2,7238;5,019
10,819000;-0,5136;0,5394;2,4647;2,575
10,837000;-2,3489;0,1055;1,5512;2,817
10,859000;-0,4947;-2,6902;0,5660;2,793
10,878000;2,0115;-4,2530;1,6029;4,970
10,896000;4,0425;-6,7491;1,0031;7,931
10,917000;4,2411;-8,0009;-1,2151;9,137
10,936000;5,2934;4,7369;1,0255;7,177
10,962000;2,3899;11,7522;-4,1878;12,703
10,981000;-2,5408;8,9775;-8,6642;12,733
10,998000;-3,8326;11,4994;-0,6484;12,139
11,019000;-2,6679;8,8679;2,3664;9,558
11,039000;-0,3089;-0,2751;1,0663;1,144
11,059000;6,0323;-5,4214;-0,3524;8,118
11,079000;5,2729;-2,4007;-4,9370;7,612
11,099000;4,4024;-0,0941;-1,1933;4,562
11,120000;2,3446;0,9240;0,8311;2,654
11,141000;1,0940;1,4913;0,9942;2,100
11,159000;0,0982;1,7993;0,8740;2,003
11,182000;-0,3772;0,8005;0,7374;1,152
11,201000;-0,4916;-0,4354;0,1788;0,681
11,219000;-0,2025;-1,3229;-0,1007;1,342
11,239000;0,5905;-1,6306;-0,2724;1,755
11,262000;1,4146;-1,3518;-0,5227;2,025
11,284000;2,1839;-1,0919;-1,3913;2,810
11,299000;2,4878;-1,0639;-2,2372;3,511
11,321000;1,9470;-0,7412;-2,3430;3,135
11,342000;1,2622;0,3005;-2,7075;3,002
11,367000;0,5073;1,2150;-2,1301;2,504
11,386000;-0,2209;1,1077;-2,0367;2,329
11,403000;-1,1257;0,5100;-2,5657;2,848
11,424000;-1,8591;0,5318;-2,2396;2,959
11,443000;-2,0279;1,3829;-2,1426;3,258
11,462000;-1,3977;2,3403;-2,0968;3,439
11,481000;-1,5516;2,5416;-0,8124;3,087
11,504000;-0,8994;1,7968;0,5258;2,077
11,522000;-0,3761;1,4280;1,9468;2,444
11,547000;-0,3284;1,4145;3,5166;3,805
11,562000;-0,1087;1,4854;4,7445;4,973
11,583000;-0,2792;1,3938;3,5418;3,816
11,601000;-0,7261;0,7381;1,4293;1,765
11,623000;-0,6953;-0,0311;0,9757;1,198
11,644000;-0,3587;-0,3426;0,9653;1,085
11,667000;-0,5148;-0,1722;1,0778;1,207
11,683000;-0,3449;0,0166;0,7088;0,788
11,703000;-1,0096;0,8175;0,2190;1,317
11,724000;-1,2657;1,1269;0,4090;1,743
11,744000;0,2596;1,1266;1,3710;1,793
11,767000;0,3704;1,4784;3,2242;3,566
11,784000;-0,4974;0,5055;0,5366;0,889
11,807000;-0,9540;1,0319;0,2304;1,424
11,828000;-0,7911;1,0970;0,8093;1,576
11,844000;-0,5369;0,6649;1,2235;1,492
11,869000;-0,7789;0,4570;0,8908;1,268
11,884000;-1,0140;0,6172;0,5616;1,313
11,904000;0,5103;0,7530;0,2575;0,945
11,929000;0,0375;0,3368;2,5796;2,602
11,946000;-0,7296;0,3373;2,1371;2,283
11,967000;-0,7405;0,9765;0,7943;1,460
11,986000;-0,8894;1,2811;0,5061;1,640
12,004000;-0,5884;1,1802;0,5369;1,424
12,024000;-0,3148;0,3519;0,1807;0,506
12,046000;-1,4451;-1,6240;-0,2111;2,184
12,073000;-4,0462;1,9844;-0,2646;4,514
12,088000;-1,8382;3,4439;-0,2233;3,910
12,108000;3,0782;1,4360;-0,7852;3,486
12,126000;6,9426;-1,6139;-1,0170;7,200
12,146000;2,0254;-4,5815;-1,4571;5,217
12,166000;1,4149;-2,4907;-0,1921;2,871
12,186000;0,8597;-0,5122;1,4433;1,756
12,205000;-0,0066;0,3633;1,2613;1,313
12,226000;0,0372;0,7863;-1,1170;1,366
12,247000;-0,5943;0,3416;-1,0072;1,218
12,267000;-0,1221;-0,4395;-1,2301;1,312
12,287000;0,7295;-1,2361;-2,3245;2,732
12,307000;0,9437;-1,6204;-3,0963;3,620
12,328000;1,5474;-1,4846;-2,1360;3,027
12,349000;3,2192;-1,0481;-0,1562;3,389
12,370000;3,6350;-1,1121;0,1065;3,803
12,389000;-0,2043;-0,3439;-2,8428;2,871
12,409000;-2,3284;0,2731;-2,7997;3,652
12,427000;-0,7203;0,0093;-0,0898;0,726
12,448000;1,4359;-0,6703;1,8153;2,410
12,470000;3,2653;-2,0872;3,6282;5,309
12,489000;1,7155;-2,2998;3,5987;4,602
12,511000;-0,3353;-0,9140;3,5316;3,663
12,534000;-1,4038;0,3319;3,8554;4,116
12,552000;-1,0205;1,8965;2,3512;3,188
12,571000;-0,4987;1,1589;-0,9559;1,583
12,590000;-0,2956;0,4733;-2,5123;2,574
12,608000;-0,5079;0,4634;-1,5049;1,654
12,628000;-0,2960;0,3833;-0,6824;0,837
12,648000;-1,2606;0,1160;-1,0563;1,649
12,672000;-2,0004;-0,1025;-0,3272;2,030
12,689000;-2,7436;0,8401;-0,8378;2,989
12,710000;-1,0318;1,6610;-1,7635;2,633
12,730000;-0,0727;0,6289;-0,9335;1,128
12,750000;1,0605;0,3918;0,2565;1,159
12,770000;1,3636;0,0607;0,4170;1,427
12,791000;0,7630;-0,1618;0,3487;0,854
12,810000;-0,1515;0,2237;0,4804;0,551
12,830000;-0,0802;0,0453;0,9087;0,913
12,851000;0,0261;0,6220;1,9330;2,031
12,871000;-1,0548;0,9009;1,2096;1,841
12,894000;-0,5533;0,7416;0,9376;1,317
12,911000;1,1170;1,1186;0,3237;1,614
12,936000;1,3570;0,0509;-0,0549;1,359
12,951000;-2,2210;-0,9562;0,4282;2,456
12,971000;-2,1699;-1,3043;0,2494;2,544
12,991000;-3,2188;-1,1843;0,3389;3,446
13,014000;-1,2113;-0,3087;0,9795;1,588
13,031000;-0,7491;0,6264;1,9784;2,206
13,056000;0,9310;0,8659;2,2545;2,588
13,074000;0,9204;0,5816;1,6736;1,997
13,096000;1,3353;1,0946;0,9225;1,958
13,116000;1,7168;0,7702;-0,4312;1,930
13,135000;1,3443;-1,3441;0,5987;1,993
13,155000;1,5293;-1,1447;-0,2981;1,933
13,180000;1,7566;-0,4874;-1,9955;2,703
13,195000;-0,2784;-0,2622;-1,8403;1,880
13,214000;-1,3009;-0,3780;-1,3506;1,913
13,235000;-1,2358;-0,1079;-0,2171;1,259
13,253000;-1,6833;0,1150;-0,3777;1,729
13,274000;-1,1648;-0,2344;-0,6583;1,358
13,294000;-0,9926;-0,7657;-0,7451;1,458
13,314000;0,2386;-0,8727;-0,6139;1,093
13,338000;2,9110;-0,1240;-0,4364;2,946
13,354000;3,1419;0,1216;0,0406;3,145
13,374000;4,2196;-0,1986;0,6553;4,275
13,394000;4,2895;0,8463;-0,1058;4,373
13,415000;2,6580;0,5850;0,3812;2,748
13,434000;1,2251;-1,1601;0,9636;1,943
13,455000;-0,6574;-1,3940;0,5841;1,648
13,477000;-1,2516;-0,6581;-0,3059;1,447
13,498000;-1,9297;0,0910;-1,1601;2,253
13,518000;-1,3873;0,4228;-1,2464;1,912
13,536000;-1,4489;0,8132;-1,4072;2,177
13,557000;-2,0719;0,7934;-1,9531;2,956
13,578000;-1,8205;0,7527;-2,4146;3,116
13,602000;-1,7933;0,6419;-2,2496;2,948
13,627000;-1,2895;0,6793;-0,9076;1,717
13,637000;-1,2204;0,9762;-0,0480;1,564
13,659000;-1,1287;1,0193;0,3443;1,559
13,681000;-0,2966;0,4727;0,4740;0,732
13,697000;-0,9267;-0,2294;0,5317;1,093
13,716000;-0,9723;0,0436;0,2685;1,010
13,737000;-1,0575;0,9082;0,3780;1,444
13,758000;-1,4101;-0,0134;0,0022;1,410
13,786000;-0,7615;-0,0954;-0,8890;1,174
13,801000;-0,8827;0,5886;-1,1890;1,593
13,819000;-1,7385;0,4649;-0,8681;1,998
13,839000;-0,5280;0,0910;-1,0886;1,213
13,858000;1,2134;-0,1834;-1,4467;1,897
13,879000;2,1317;-0,4629;-1,0852;2,436
13,899000;2,3982;-0,1736;-0,6333;2,486
13,919000;1,8653;0,6531;-0,1595;1,983
13,938000;2,7676;0,4182;0,3244;2,818
13,960000;2,2940;-0,4520;0,2862;2,356
13,981000;0,7567;-1,2169;0,3515;1,475
13,999000;0,1664;-1,1137;0,5583;1,257
14,019000;-0,0382;-0,5949;0,9267;1,102
14,039000;-0,7165;-0,7504;1,1874;1,577
14,058000;-0,6309;-0,9350;1,2070;1,652
14,079000;-0,3578;-0,8109;1,2051;1,496
14,103000;0,9100;1,5145;1,1711;2,120
14,123000;1,0702;2,2222;1,2910;2,784
14,149000;0,6080;1,4997;0,8387;1,823
14,161000;1,2368;1,0422;0,3700;1,659
14,180000;1,6437;0,6657;-0,2816;1,796
14,201000;-0,1416;-0,0512;-1,1447;1,155
14,225000;-2,1788;-1,6879;-1,3272;3,059
14,240000;-2,7226;-3,1008;-0,5516;4,163
14,261000;-2,0981;-2,7133;0,2994;3,443
14,281000;-0,1674;-0,6259;1,9517;2,056
14,300000;0,0883;0,6111;2,8838;2,949
14,321000;0,3758;1,0818;2,0414;2,341
14,344000;-0,6247;1,5803;0,4527;1,759
14,361000;-1,6282;1,0253;-0,4483;1,976
14,384000;-0,9705;0,0656;-1,3603;1,672
14,403000;-0,5298;-0,1063;-2,2455;2,310
14,422000;0,6607;0,5530;-2,4400;2,588
14,442000;-0,1322;-0,6492;-0,8569;1,083
14,462000;1,0425;-1,5065;1,0208;2,097
14,482000;2,2727;-0,8764;0,9483;2,614
14,505000;3,4133;0,3772;0,7062;3,506
14,528000;3,1120;0,0602;1,4075;3,416
14,548000;3,6053;-0,7073;2,1760;4,270
14,563000;2,9486;-1,3335;0,7051;3,312
14,583000;2,8502;-1,9014;-0,9569;3,557
14,605000;3,0600;-1,3390;-0,5925;3,392
14,627000;-0,0584;-2,5932;0,9962;2,779
14,644000;-2,3541;-2,5750;1,4669;3,785
14,663000;-4,2294;-3,1777;1,9414;5,635
14,683000;-3,5886;-3,5354;1,9469;5,401
14,704000;-2,5856;-2,0072;0,9821;3,417
14,723000;1,8848;-0,3951;0,7380;2,062
14,744000;2,4062;2,8576;1,1475;3,908
14,764000;1,2463;6,5479;-1,5730;6,849
14,783000;-1,6169;7,8957;-5,5655;9,794
14,804000;-1,8245;4,2055;-4,7454;6,598
14,825000;-1,7559;-0,1188;-2,2064;2,822
14,844000;-2,2619;-0,6861;-1,6800;2,900
15,006000;-0,0965;0,0276;-0,7172;0,724
15,027000;0,1236;-0,1362;-1,1701;1,184
15,045000;0,1561;-0,2660;-1,2724;1,309
15,066000;0,1278;-0,2449;-1,1993;1,231
15,086000;0,2238;-0,2220;-1,0037;1,052
15,106000;0,6270;-0,0904;-0,9053;1,105
15,129000;1,1357;0,1341;-0,7657;1,376
15,147000;1,0473;0,1004;-0,5347;1,180
15,167000;0,4601;-0,1010;-0,3113;0,565
15,187000;-0,0685;-0,3559;-0,0465;0,365
15,288000;0,0258;0,1337;0,0461;0,144
15,308000;0,0554;0,2923;0,1750;0,345
15,328000;0,1662;0,2317;0,2927;0,409
15,351000;0,2823;-0,0085;0,3472;0,448
15,369000;0,3355;-0,1837;0,3310;0,506
15,391000;0,3399;-0,2125;0,2689;0,483
15,409000;0,3286;-0,0916;0,1959;0,393
15,431000;0,3291;0,0396;0,1639;0,370
15,461000;0,3213;0,1177;0,1167;0,361
15,472000;0,2658;0,0053;0,1519;0,306
15,492000;0,2415;-0,2122;0,1170;0,342
15,522000;0,3589;-0,2599;-0,0475;0,446
15,532000;0,5924;-0,3679;-0,2234;0,732
15,552000;0,4175;-0,6323;2,3641;2,483
15,572000;0,5521;-0,3463;-1,7643;1,881
15,590000;1,2884;-0,6178;-2,8563;3,194
15,611000;0,7322;-0,6349;-0,7769;1,242
15,631000;0,2423;-0,0326;0,1280;0,276
15,650000;-0,2874;0,5071;1,1271;1,269
16,638000;-0,4388;-0,1715;0,5449;0,720
16,639000;-0,4055;-0,7814;0,2293;0,910
16,657000;-0,2769;-0,6289;0,3382;0,766
16,678000;-0,2574;-0,5182;0,3472;0,675
16,697000;0,2879;-0,8951;0,2203;0,966
16,838000;0,0339;0,2143;-0,3020;0,372
16,859000;0,0184;0,1823;0,3185;0,367
16,878000;-0,0531;0,0790;1,0279;1,032
16,899000;-0,0172;0,1313;1,4476;1,454
16,919000;0,0821;-0,0186;1,6167;1,619
16,940000;0,0688;-0,0534;1,5864;1,589
16,960000;-0,1712;0,0566;1,0672;1,082
16,981000;-0,2386;-0,0349;0,3501;0,425
17,006000;-0,2030;-0,0575;-0,0973;0,232
17,021000;-0,2040;0,0650;-0,4419;0,491
17,101000;-0,2090;0,0340;-0,1057;0,237
17,120000;-0,1065;-0,0187;0,0734;0,131
17,140000;0,0095;-0,0891;0,1942;0,214
17,161000;-0,0593;-0,0302;-0,0069;0,067
17,181000;-0,2178;0,0620;-0,0810;0,241
17,200000;-0,3961;0,1812;-0,0937;0,446
17,221000;-0,4824;0,2751;-0,1420;0,573
17,242000;-0,4636;0,3251;-0,2090;0,604
17,265000;-0,4446;0,2616;-0,2035;0,554
17,284000;-0,5087;0,2361;-0,0400;0,562
17,305000;-0,5127;0,2359;0,1226;0,578
17,323000;-0,5364;0,2099;0,0888;0,583
17,343000;-0,5484;0,2580;-0,0365;0,607
17,363000;-0,4461;0,2533;-0,0736;0,518
17,383000;-0,2779;0,2015;0,0245;0,344
17,402000;-0,1160;0,0744;0,1176;0,181
17,425000;-0,0558;-0,0122;-0,0314;0,065
17,442000;-0,1223;0,0266;-0,0797;0,148
17,465000;-0,0744;0,1248;-0,0168;0,146
17,484000;0,0769;0,1196;-0,0314;0,146
18,269000;0,1084;-0,0004;-0,1559;0,190
18,288000;0,0197;0,0481;0,0235;0,057
18,333000;-0,0280;0,0738;0,0669;0,103
18,334000;0,0039;0,0370;0,0640;0,074
18,349000;0,1204;0,1017;0,0236;0,159
20,927000;0,2680;-0,2262;-1,7910;1,825
20,947000;0,0614;-0,9320;-1,8782;2,098
21,908000;0,1090;-1,2564;-1,6603;2,085
21,909000;0,0774;-1,2563;-1,1972;1,737
21,909000;-0,0200;-1,2429;-0,5104;1,344
21,935000;-0,0841;0,3722;0,1838;0,424
21,967000;-0,1148;0,3892;0,2429;0,473
21,974000;-0,2099;0,3279;0,1659;0,423
21,994000;-0,2803;0,3489;-0,0027;0,448
22,017000;-0,2406;0,3126;-0,1183;0,412
29,627000;-0,0068;0,0125;-0,0412;0,044
29,647000;0,0312;0,0424;-0,0382;0,065
71,338000;0,0445;0,0384;-0,0263;0,064
71,339000;-0,0089;0,0106;-0,0191;0,024
71,339000;-0,0378;-0,0032;-0,0209;0,043
71,339000;-0,2318;1,3048;-0,0482;1,326
71,339000;-0,6017;0,9204;-0,7686;1,342
71,340000;-0,3668;0,0879;-1,4058;1,456
71,340000;0,0289;-0,1839;-0,8173;0,838
71,340000;0,5719;-0,0612;-0,1748;0,601
71,341000;0,6362;-0,2272;-1,6975;1,827
71,342000;0,6570;-0,3791;-2,2763;2,399
71,342000;0,5033;-0,4351;-2,5339;2,620
71,343000;0,3759;-0,3134;-2,3445;2,395
71,343000;0,3674;-0,3210;-1,6182;1,690
71,343000;-0,1250;0,4135;2,0110;2,057
71,344000;-0,3444;0,4925;2,1824;2,264
71,344000;-0,6118;0,4136;1,9096;2,047
71,344000;-0,4705;0,2587;1,0507;1,180
71,345000;-0,2541;0,3115;0,5437;0,676
71,345000;-0,0208;0,2639;0,0655;0,273
71,345000;0,0735;0,0479;-0,3644;0,375
71,345000;0,2403;0,1465;-1,2462;1,278
71,346000;0,2918;0,5918;-1,5786;1,711
71,346000;0,8549;0,7799;-0,5846;1,297
71,347000;1,1473;-1,5915;-0,4627;2,016
71,347000;-0,4739;-0,8931;-1,1300;1,516
71,347000;-1,2347;0,4143;-0,4220;1,369
71,348000;-2,7919;1,0973;0,5739;3,054
85,336000;-2,3441;2,3037;2,4250;4,084
85,337000;-0,3700;2,2071;-0,8217;2,384
85,337000;-0,9140;1,9431;0,3994;2,184
85,338000;-1,4327;1,6586;0,7923;2,331
85,338000;-1,6732;0,9553;-0,3670;1,961
85,338000;-1,5637;0,9026;-1,2955;2,222
85,339000;-6,3228;3,0486;8,9875;11,404
85,339000;-7,8231;3,9661;5,1876;10,190
85,339000;-8,1905;2,8041;1,3262;8,758
85,340000;-6,4180;2,0361;-3,2970;7,497
85,340000;3,2901;1,3461;-4,8579;6,020
85,341000;-3,7892;-1,2651;0,1117;3,996
85,341000;-3,2160;-1,1614;0,0976;3,421
85,342000;-2,3244;-1,1323;0,3264;2,606
85,342000;-1,7303;-0,7886;1,1429;2,219
85,342000;-1,4267;0,3281;1,8888;2,390
85,467000;-0,6383;-0,2403;0,5536;0,878
85,468000;0,0725;0,6646;-1,1402;1,322
85,469000;-0,9383;-0,7266;-0,7019;1,379
85,477000;-1,3074;-1,5670;0,5990;2,127
85,496000;-1,8645;-2,0979;1,3773;3,126
85,516000;-2,3849;-1,0034;1,5105;2,996
85,536000;-1,8558;0,1781;1,6104;2,464
85,557000;-1,9463;0,7340;1,5023;2,566
85,577000;-2,9118;0,5038;1,3572;3,252
85,597000;-4,1558;0,1876;0,8714;4,250
85,617000;-3,7902;-0,0827;0,9905;3,918
109,687000;5,6991;-8,3346;-1,7581;10,249
109,688000;5,0264;-8,5313;-2,2653;10,158
109,688000;4,9183;-8,0690;-3,2961;10,008
109,689000;3,5694;-5,9484;-3,7658;7,893
109,689000;-1,0257;1,5255;-3,6250;4,064
109,690000;-5,1262;9,8078;-2,3921;11,322
109,690000;-7,9697;13,9615;-0,3201;16,079
109,690000;-6,7445;12,9812;-1,5591;14,712
109,691000;-4,4923;10,0724;-2,6569;11,344
109,691000;-1,1158;4,6594;-1,7818;5,112
109,692000;0,1972;1,3996;2,0873;2,521
109,692000;3,8017;-1,9167;4,9172;6,504
109,706000;5,1907;-8,6304;-1,1543;10,137
109,724000;4,5914;-8,1565;-3,0242;9,836
109,750000;3,0826;-7,0108;-4,8103;9,044
109,765000;-2,0145;0,2684;-5,3944;5,765
109,785000;-7,2181;11,1235;-3,1489;13,629
109,805000;-10,0716;16,9399;1,0251;19,734
109,825000;-7,7567;13,2137;-1,5590;15,401
109,926000;7,1342;-6,0575;8,9244;12,932
109,946000;7,8801;-7,6589;6,6813;12,861
109,966000;5,0449;-7,8839;-2,5163;9,692
109,986000;3,8139;-8,5746;-3,7176;10,094
110,008000;4,0169;-9,1056;-2,7549;10,327
110,027000;4,0697;-8,8234;-2,3637;10,000
110,047000;4,1780;-4,3222;-2,7758;6,621
110,068000;-4,2919;14,7579;0,8233;15,391
110,087000;-11,7040;19,0533;5,4612;23,018
110,107000;-6,3635;12,5730;3,1007;14,429
110,444000;0,6367;3,7333;-3,1426;4,921
110,450000;3,5322;-2,1573;-3,0561;5,145
110,469000;4,2987;-6,2407;-1,5214;7,729
110,489000;3,1916;-7,4706;-0,3352;8,131
110,514000;2,9536;-8,2212;-1,0235;8,795
111,665000;0,0536;-0,4373;-1,1413;1,223
111,665000;-0,2305;0,4699;-0,1598;0,547
111,678000;-0,3549;1,0466;0,5451;1,232
111,697000;0,1430;1,1555;1,0691;1,581
111,718000;0,4251;2,6771;1,9867;3,361
112,265000;0,9187;1,3032;2,5169;2,979
112,282000;1,6365;1,1496;2,8544;3,485
112,302000;1,7542;0,8983;-0,0295;1,971
112,329000;-0,2458;3,3058;-2,9833;4,460
112,342000;-1,8149;5,6337;-2,8765;6,581
113,280000;-6,1864;5,8707;2,3164;8,838
113,281000;-3,8919;2,0344;0,2738;4,400
113,289000;-0,5776;-1,4900;2,0612;2,608
113,309000;2,0531;-4,7229;0,0508;5,150
113,329000;4,2804;-7,3512;-2,0453;8,749
116,854000;0,9188;-1,7255;-2,8413;3,449
116,970000;1,0167;-1,7198;-2,9920;3,598
116,971000;0,9878;-1,5870;-3,0576;3,584
116,971000;1,0549;-1,3117;-3,1396;3,562
116,972000;1,3301;-1,0538;-2,9030;3,363
117,157000;1,3386;3,3195;-1,2854;3,803
117,177000;-0,6797;5,0331;0,3308;5,090
117,208000;-1,3167;3,8838;-1,1104;4,249
117,216000;-2,7906;3,7062;-4,4708;6,443
117,237000;-4,3545;4,4906;-5,8678;8,577
117,257000;-4,6771;2,9677;-4,8289;7,349
117,278000;-3,8369;0,9186;-3,3638;5,185
117,300000;-2,7617;-1,1352;-3,0019;4,234
117,317000;-1,8980;-2,7641;-3,7376;5,021
117,341000;-1,3344;-3,8680;-4,0146;5,732
124,559000;1,6898;0,5207;-0,6177;1,873
124,560000;1,6578;1,3104;-0,0424;2,114
124,560000;1,7773;1,5682;1,1984;2,656
124,561000;1,3425;1,4999;2,4675;3,184
124,561000;-0,8027;2,5013;4,0829;4,855
124,561000;-3,8127;1,0020;-0,5906;3,986
124,562000;-3,5170;-0,5229;-1,6438;3,917
124,562000;-2,7461;-2,1870;-1,5699;3,846
124,567000;-2,0438;-3,6471;-0,8632;4,269
124,588000;-1,2432;-4,0287;-0,2002;4,221
124,610000;-1,0298;-3,5573;-0,3230;3,717
124,630000;-0,8625;-3,2901;-0,8582;3,508
124,650000;-0,9216;-3,0007;-1,1858;3,356
124,669000;-0,7632;-2,4565;-1,3270;2,894
124,689000;-0,5490;-1,8689;-0,8979;2,145
124,709000;-0,2311;-1,5673;-0,0307;1,584
124,728000;-0,2919;-1,0016;0,6320;1,220
124,749000;-0,1277;-0,7736;1,3959;1,601
124,772000;-0,1732;-0,4318;1,2162;1,302
124,791000;-0,0790;0,7621;0,9044;1,185
124,810000;0,3725;2,1535;1,2283;2,507
124,830000;0,9630;3,2351;1,5598;3,718
124,855000;1,8085;3,3909;1,4582;4,110
124,870000;2,0037;3,5089;0,8221;4,124
124,890000;1,3523;3,7638;-0,5957;4,043
130,346000;-0,0542;-0,0685;-0,2847;0,298
130,347000;-0,0602;-0,0885;-0,0762;0,131
130,350000;-0,0981;-0,0445;0,0176;0,109
130,352000;-0,1214;0,0630;-0,0178;0,138
130,353000;-0,0579;0,2054;-0,1181;0,244
130,353000;0,1103;0,2602;-0,2306;0,365
130,354000;0,2339;0,2665;-0,3124;0,473
130,354000;0,3025;0,2035;-0,3120;0,480
130,355000;0,3357;0,0434;-0,1744;0,381
130,356000;0,1843;-0,0112;-0,0329;0,188
130,356000;-0,0230;-0,0466;0,0378;0,064
130,357000;-0,2099;-0,1106;0,0986;0,257
130,357000;-0,3371;-0,1153;0,0860;0,367
130,368000;-0,2919;-0,0041;0,0940;0,307
130,370000;-0,1470;0,1214;0,0499;0,197
130,371000;0,0434;0,1218;-0,0272;0,132
130,371000;0,2098;0,0740;-0,0454;0,227
130,372000;0,2912;0,1271;-0,0609;0,323
130,372000;0,2231;0,1977;-0,1051;0,316
130,373000;0,1214;0,2107;-0,1782;0,301
130,373000;0,0302;0,1222;-0,1426;0,190
130,373000;-0,0695;0,0768;-0,0801;0,131
130,374000;-0,1770;0,0277;-0,0752;0,194
130,374000;-0,2086;-0,0312;-0,1067;0,236
130,375000;-0,1508;-0,0368;-0,1671;0,228
130,375000;-0,1153;0,0433;-0,2021;0,237
130,388000;-0,0701;0,1669;-0,1575;0,240
130,409000;-0,0244;0,1414;-0,1470;0,205
130,428000;-0,0223;0,1067;-0,2059;0,233
130,449000;-0,0524;0,1291;-0,1019;0,173
130,468000;-0,0817;0,1515;0,0421;0,177
130,489000;-0,1172;0,1261;0,0869;0,193
130,510000;-0,1292;0,0965;0,1352;0,210
130,529000;-0,1238;0,0669;0,1725;0,223
130,549000;-0,0331;0,0332;0,2428;0,247
130,569000;0,0461;-0,0727;0,1849;0,204
130,589000;0,0196;-0,0343;0,1589;0,164
130,609000;-0,0482;0,1015;0,1201;0,164
130,632000;0,0125;0,1753;0,1956;0,263
130,650000;0,2058;-0,1204;0,2311;0,332
130,670000;0,1069;0,2185;-0,0176;0,244
130,690000;0,1513;0,1360;0,2315;0,308
130,710000;0,3944;-0,0690;0,1874;0,442
130,730000;0,2258;0,0536;-0,0158;0,233
130,750000;0,0346;0,0772;-0,1929;0,211
130,771000;-0,0532;-0,2437;-0,3214;0,407
130,792000;-0,2708;-0,6774;-0,4629;0,864
130,811000;-0,4186;-0,8715;-0,6727;1,178
130,831000;-0,5580;-1,0028;-0,8821;1,447
130,851000;-0,6444;-1,0727;-1,0611;1,641
130,871000;-0,7859;-0,8911;-1,1644;1,664
130,891000;-1,0107;-0,4559;-1,1631;1,607
130,911000;-1,2592;0,0622;-1,0172;1,620
130,932000;-1,1660;0,3913;-0,8977;1,523
130,952000;-0,8230;0,5379;-0,8366;1,291
130,973000;-0,4915;0,4203;-0,7102;0,960
130,993000;-0,2384;0,3997;-0,3675;0,593
131,013000;-0,0713;0,6450;-0,1653;0,670
131,033000;0,3007;0,6982;0,2378;0,797
131,052000;0,7791;0,7226;0,8125;1,338
131,153000;1,3891;1,3676;1,7923;2,648
131,174000;1,3107;1,4719;1,3734;2,402
131,193000;1,3902;1,3764;1,2257;2,309
131,214000;1,4187;1,3351;0,9763;2,179
131,234000;1,4968;1,2151;0,6748;2,043
131,255000;1,4322;0,9666;0,3245;1,758
131,275000;1,2954;0,7189;0,0402;1,482
131,298000;1,0981;0,3958;-0,2800;1,200
131,315000;0,7843;0,2638;-0,4546;0,944
131,334000;0,4350;0,1755;-0,5365;0,713
131,356000;0,0235;0,2491;-0,8259;0,863
131,374000;-0,2247;0,0783;-0,8587;0,891
131,395000;-0,4348;-0,1099;-0,7954;0,913
131,416000;-0,6214;-0,1969;-0,6999;0,956
131,438000;-0,8935;-0,3245;-0,6375;1,145
131,456000;-0,9806;-0,4217;-0,6155;1,232
131,477000;-1,0243;-0,4828;-0,3357;1,181
131,498000;-1,2272;-0,6259;-0,2638;1,403
131,517000;-1,2828;-0,4964;-0,7076;1,547
131,537000;-1,1944;-0,3929;-0,7463;1,462
131,560000;-1,0801;-0,4832;-0,5507;1,305
131,658000;-0,3663;-0,2778;-0,4086;0,615
131,677000;-0,4543;-0,4136;-0,1248;0,627
131,697000;-0,5023;-0,3014;0,1426;0,603
131,720000;-0,4842;-0,2023;0,2035;0,563
131,737000;-0,3556;-0,1924;0,3825;0,557
131,759000;-0,3172;-0,1713;0,4102;0,546
131,780000;-0,2594;-0,1582;0,2930;0,422
131,802000;-0,1864;-0,1680;0,3013;0,392
131,828000;-0,1506;-0,1521;0,3292;0,393
131,838000;-0,1403;-0,1020;0,2098;0,272
131,859000;-0,1316;-0,0945;0,0298;0,165
131,879000;-0,1818;-0,0819;-0,0774;0,214
131,899000;-0,1906;-0,0204;-0,1512;0,244
131,923000;-0,1828;-0,0115;-0,1834;0,259
131,942000;-0,1493;0,0215;-0,1234;0,195
131,960000;-0,1533;0,0465;-0,0910;0,184
131,980000;-0,1385;0,0327;-0,0898;0,168
132,000000;-0,1556;0,0681;-0,1213;0,209
132,020000;-0,1295;0,0693;-0,0889;0,172
132,041000;-0,0843;0,0418;-0,0580;0,111
132,165000;0,0694;0,1296;0,0162;0,148
132,182000;0,0963;0,1118;0,0085;0,148
132,203000;0,0259;0,0489;0,0599;0,082
132,222000;-0,0446;0,0094;0,0375;0,059
132,242000;-0,0310;0,0257;-0,0418;0,058
132,266000;0,0580;0,0508;-0,0412;0,087
132,286000;0,0931;0,0993;-0,0394;0,142
132,302000;0,1022;0,1855;-0,0872;0,229
132,322000;0,1464;0,1297;-0,0698;0,208
132,342000;0,1158;0,0889;0,0509;0,155
132,363000;0,1191;0,0866;0,1180;0,189
132,383000;0,1443;0,0598;0,1306;0,204
132,403000;0,1309;0,0333;0,1447;0,198
132,423000;0,0241;0,0447;0,0602;0,079
132,448000;0,0010;0,0573;0,0184;0,060
132,464000;-0,0354;0,0496;-0,0106;0,062
132,483000;-0,0803;0,0568;-0,0879;0,132
132,509000;-0,0102;0,1024;-0,0823;0,132
132,527000;0,0403;0,0997;-0,1186;0,160
132,546000;0,0613;0,1110;-0,1261;0,179
132,566000;0,0337;0,0354;-0,0799;0,094
132,586000;-0,0660;0,0226;-0,0315;0,076
132,604000;-0,0794;0,0626;-0,0514;0,113
132,623000;-0,0168;0,1123;-0,1084;0,157
132,644000;0,0360;0,1084;-0,0942;0,148
132,666000;0,0127;0,0801;-0,0396;0,090
132,685000;-0,0160;0,0471;-0,0258;0,056
132,705000;-0,0173;0,0811;-0,0076;0,083
132,726000;-0,0089;0,0669;0,0165;0,070
132,744000;0,0094;0,0383;0,0229;0,046
132,766000;0,0318;0,0143;0,0430;0,055
132,785000;0,0474;0,0144;0,0939;0,106
132,806000;0,0158;0,0147;0,0656;0,069
132,830000;-0,0202;0,0247;0,0282;0,043
132,846000;-0,0091;0,0301;-0,0003;0,031
132,866000;0,0122;0,0262;-0,0158;0,033
132,886000;0,0288;0,0560;-0,0893;0,109
132,907000;0,0735;0,0854;-0,0847;0,141
132,928000;0,0954;0,0814;-0,1269;0,178
132,947000;0,1173;0,0915;-0,1443;0,207
132,966000;0,1109;0,0823;-0,1167;0,181
132,986000;0,1334;0,0921;-0,0977;0,189
133,007000;0,1455;0,1258;-0,1118;0,222
133,026000;0,1346;0,1788;-0,0955;0,243
133,057000;0,1412;0,1583;-0,0248;0,214
133,068000;0,1188;0,1335;0,0163;0,179
133,087000;0,1579;0,1133;-0,0194;0,195
133,107000;0,1901;0,0973;0,0173;0,214
133,128000;0,1127;0,0524;0,0536;0,135
133,148000;0,0402;0,0797;0,0159;0,091
133,168000;0,0947;0,0584;-0,0341;0,116
133,188000;0,0582;0,0840;0,0409;0,110
133,208000;0,0647;0,0920;0,0976;0,149
133,228000;0,1447;0,1330;0,0371;0,200
133,249000;0,2036;0,1302;0,0392;0,245
133,269000;0,1596;0,0403;0,0648;0,177
133,293000;0,0468;0,0136;0,0315;0,058
133,315000;-0,0118;0,0452;-0,0027;0,047
133,331000;0,0388;0,0899;-0,0383;0,105
133,349000;0,0766;0,1109;-0,1013;0,169
133,370000;0,0343;0,1172;-0,0985;0,157
133,393000;-0,0415;0,0850;-0,0906;0,131
133,410000;-0,0322;0,0768;-0,0440;0,094
133,432000;0,0131;0,0933;-0,0133;0,095
133,450000;-0,0016;0,0468;-0,0018;0,047
133,470000;-0,0300;0,0148;0,0054;0,034
133,490000;-0,0293;0,0019;0,0518;0,060
133,511000;-0,0664;0,0517;0,0636;0,105
133,532000;-0,0755;0,0490;0,0493;0,103
133,550000;-0,0504;0,0993;0,0831;0,139
133,573000;-0,0398;0,0925;0,0908;0,136
133,595000;-0,0387;0,0283;0,0342;0,059
133,614000;-0,0473;-0,0068;0,0536;0,072
133,632000;-0,0507;-0,0661;0,0712;0,110
133,655000;-0,0395;-0,0577;0,0353;0,078
133,673000;-0,1329;-0,0154;0,0129;0,134
133,693000;-0,1302;-0,0303;-0,1196;0,179
133,713000;-0,0939;-0,0506;-0,1772;0,207
133,731000;-0,1099;-0,0520;-0,1463;0,190
133,752000;-0,1400;-0,0724;-0,1485;0,217
133,772000;-0,1323;-0,0645;-0,2262;0,270
133,793000;-0,0960;-0,0715;-0,1558;0,196
133,814000;-0,1492;-0,1657;-0,0931;0,242
133,834000;-0,2817;-0,1392;-0,0386;0,317
133,853000;-0,2802;-0,0541;-0,0095;0,285
133,873000;-0,1677;0,0403;0,0059;0,173
133,894000;-0,0646;0,0733;-0,0315;0,103
133,913000;-0,0140;0,1102;-0,0820;0,138
133,936000;0,0264;0,0698;-0,0623;0,097
133,954000;0,0379;0,0636;0,0284;0,079
133,977000;0,0444;0,0916;-0,0112;0,102
133,996000;0,0366;0,0798;0,0131;0,089
134,015000;-0,0089;0,0689;0,0212;0,073
134,034000;-0,0447;0,0534;0,0577;0,090
134,056000;-0,0333;0,0574;0,0392;0,077
134,074000;-0,0303;0,0762;0,0153;0,083
134,095000;0,0157;0,0712;0,0091;0,073
134,115000;0,0230;0,0759;-0,0415;0,089
134,136000;-0,0029;0,0712;-0,0687;0,099
134,156000;-0,0191;0,0904;-0,1052;0,140
134,176000;0,0455;0,0472;-0,1115;0,129
134,198000;0,0436;0,0234;-0,1058;0,117
134,216000;0,0133;0,0667;-0,1339;0,150
134,236000;0,0017;0,1004;-0,1712;0,199
134,335000;0,0791;0,0825;-0,1276;0,171
134,357000;0,0673;0,0575;-0,0952;0,130
134,377000;0,0473;0,0567;-0,0828;0,111
134,400000;0,0264;0,0847;-0,0943;0,130
134,417000;0,0204;0,0793;-0,0875;0,120
134,437000;0,0098;0,0835;-0,1182;0,145
134,458000;-0,0010;0,1015;-0,1226;0,159
134,481000;-0,0160;0,0763;-0,0427;0,089
134,500000;0,0251;0,0758;-0,0276;0,085
134,521000;0,0612;0,1095;-0,0508;0,135
134,538000;0,1298;0,1004;-0,0678;0,178
134,558000;0,1035;0,0605;-0,0280;0,123
134,584000;0,0109;0,0453;-0,0128;0,048
134,601000;-0,0051;0,0496;-0,0462;0,068
134,623000;-0,0068;0,0682;-0,1043;0,125
134,639000;0,0486;0,0777;-0,1603;0,185
134,660000;0,0279;0,0572;-0,1339;0,148
134,679000;-0,0398;0,0420;-0,0835;0,102
134,698000;-0,0457;-0,0017;-0,0289;0,054
134,719000;-0,0224;-0,0070;-0,0750;0,079
134,739000;-0,0133;-0,0411;-0,0580;0,072
134,760000;-0,0797;-0,0222;-0,0179;0,085
134,779000;-0,0891;0,0789;-0,0410;0,126
134,800000;-0,0080;0,0930;-0,1200;0,152
134,819000;0,0199;0,0871;-0,1230;0,152
134,841000;0,0237;0,0519;0,0063;0,057
134,862000;-0,0073;0,0417;0,0929;0,102
134,880000;0,0136;0,0651;0,0045;0,067
134,900000;0,0150;0,0401;-0,0240;0,049
134,921000;0,0118;0,0055;-0,0275;0,030
134,941000;-0,0151;-0,0004;-0,0501;0,052
134,960000;-0,0087;0,0513;-0,0543;0,075
134,982000;0,0117;0,0890;-0,1152;0,146
135,001000;0,0166;0,1066;-0,0593;0,123
135,023000;0,0078;0,0808;-0,0084;0,082
135,044000;-0,0161;0,0793;0,0215;0,084
135,062000;-0,0217;0,0875;-0,0225;0,093
135,082000;0,0576;0,1004;-0,0186;0,117
135,102000;0,0805;0,0891;-0,0521;0,131
135,121000;0,0278;0,0342;-0,0557;0,071
135,143000;-0,0341;0,0087;0,0025;0,035
135,166000;-0,0639;0,0215;0,0069;0,068
135,185000;0,0042;0,0446;-0,0315;0,055
135,203000;0,0367;0,0725;-0,0412;0,091
135,226000;0,0697;0,0569;-0,0415;0,099
135,243000;0,0522;0,0171;-0,0184;0,058
135,262000;-0,0149;0,0110;0,0039;0,019
135,283000;-0,0894;0,0153;-0,0033;0,091
135,303000;-0,0817;0,0007;-0,0431;0,092
135,324000;-0,0136;0,0050;-0,0493;0,051
135,342000;0,0371;0,1106;-0,0119;0,117
135,363000;0,0707;0,1580;-0,0881;0,194
135,383000;0,1000;0,0855;-0,1091;0,171
135,403000;0,0118;0,0313;0,0104;0,035
135,425000;-0,0190;-0,0022;0,0837;0,086
135,444000;0,0258;-0,0303;0,0079;0,041
135,464000;0,0721;-0,0056;-0,1332;0,152
135,484000;0,0428;0,0183;-0,1869;0,193
135,504000;0,0426;0,0420;-0,1617;0,172
135,524000;0,0612;0,0761;-0,1047;0,143
135,545000;0,0795;0,1286;-0,0995;0,181
135,565000;0,0963;0,1421;-0,0534;0,180
135,588000;0,0881;0,0785;0,0350;0,123
135,605000;-0,0009;0,0433;0,0924;0,102
135,625000;-0,0337;0,0528;0,0903;0,110
135,646000;-0,0094;0,0278;0,0514;0,059
135,666000;-0,0177;-0,0152;-0,0418;0,048
135,685000;-0,0633;-0,0149;-0,0620;0,090
135,706000;-0,0833;-0,0433;-0,1048;0,141
135,726000;-0,0839;-0,0525;-0,1372;0,169
135,746000;-0,0883;-0,0137;-0,1539;0,178
135,765000;-0,0552;0,0392;-0,1499;0,164
135,788000;-0,0220;0,0830;-0,0927;0,126
135,807000;0,0120;0,0783;-0,0926;0,122
135,826000;-0,0166;0,0105;-0,0530;0,057
135,846000;-0,0783;-0,0470;0,1011;0,136
135,867000;-0,1240;-0,0465;0,1534;0,203
135,886000;-0,0923;-0,0362;0,0721;0,123
135,907000;-0,0846;0,0177;0,0513;0,101
146,476000;0,0601;0,0590;0,0266;0,088
146,476000;0,0258;0,0538;0,0162;0,062
146,477000;-0,0039;0,0337;0,0251;0,042
146,477000;0,0333;0,0333;0,0244;0,053
146,477000;0,0271;0,0328;-0,0386;0,057
146,477000;0,0158;0,0369;-0,0337;0,052
146,478000;0,0096;0,0314;-0,0190;0,038
146,478000;0,0125;0,0305;0,0103;0,035
146,478000;0,0019;0,0253;0,0106;0,027
146,478000;-0,0044;0,0294;0,0060;0,030
146,480000;-0,0058;0,0383;0,0254;0,046
146,563000;-0,0395;0,0027;0,0072;0,040
146,581000;-0,0497;-0,0021;0,0200;0,054
146,601000;-0,0872;-0,0069;-0,0559;0,104
146,623000;-0,1102;0,0029;-0,0118;0,111
146,643000;-0,0244;0,0616;0,0299;0,073
146,662000;0,0329;0,0810;-0,0093;0,088
146,684000;0,0191;0,0419;0,0105;0,047
146,702000;0,0048;0,0131;0,0073;0,016
146,725000;0,0005;0,0082;0,0186;0,020
146,743000;0,0202;0,0419;0,0192;0,050
202,090000;2,0662;-0,0905;-1,6718;2,659
202,090000;1,8195;0,8499;-1,9608;2,807
202,091000;0,7185;2,6606;-2,1202;3,477
206,227000;0,6455;4,1289;-0,8995;4,275
206,229000;1,6567;5,4910;3,0500;6,496
206,230000;3,0836;6,1170;7,6486;10,268
206,230000;2,1413;5,6610;8,9572;10,810
206,231000;-0,0033;3,6971;-1,2532;3,904
206,231000;-1,1112;2,0895;-4,5394;5,119
206,231000;-0,0968;-0,0900;0,3530;0,377
206,232000;0,1453;0,0083;-0,3409;0,371
206,232000;0,4225;0,0992;-0,7711;0,885
206,233000;0,6864;0,2058;-0,8406;1,105
206,233000;0,7719;0,3274;-0,8305;1,180
206,234000;2,3820;-2,5271;-0,8413;3,573
206,234000;2,3955;-2,6769;-1,3426;3,835
206,235000;2,0841;-2,7549;-1,7938;3,892
206,236000;1,4666;-2,7919;-2,1361;3,809
206,236000;0,9619;-2,8175;-2,2799;3,750
206,260000;-2,8918;2,2928;0,7359;3,763
206,391000;-2,9703;2,7095;0,3217;4,033
206,392000;-3,4279;2,0156;0,9529;4,089
206,392000;-3,3512;1,1744;-0,5312;3,591
206,393000;-2,5076;-0,5119;-2,3273;3,459
206,393000;-1,5757;-2,3225;-2,2549;3,600
206,394000;-0,6925;-4,0352;-0,7733;4,167
206,396000;-0,2359;-4,8455;-0,1688;4,854
206,416000;0,2045;-4,7027;-0,4148;4,725
206,437000;0,4715;-4,3811;-0,3443;4,420
206,458000;0,6378;-3,9114;-0,0638;3,964
206,477000;0,6606;-3,2915;-0,3176;3,372
206,497000;0,8652;-2,7904;-0,9671;3,077
206,517000;0,5381;-1,7572;-0,6377;1,945
206,538000;0,1496;-0,5217;0,0516;0,545
206,556000;-0,1808;1,1066;1,3047;1,720
206,578000;-0,2872;2,0537;1,8864;2,803
206,598000;-0,4465;3,2621;1,1130;3,476
206,620000;-0,4078;5,1360;1,1948;5,289
206,639000;0,5852;6,0419;1,2940;6,207
206,659000;1,2234;5,9329;0,1693;6,060
206,679000;1,4269;4,7013;-1,1115;5,037
206,700000;1,8587;2,7869;-1,2154;3,564
206,719000;2,4569;0,3991;-0,9088;2,650
206,743000;2,6103;0,7371;0,0881;2,714
206,761000;1,2284;2,3563;0,7392;2,758
206,784000;-0,0081;2,4656;0,3863;2,496
206,800000;-0,6744;1,9307;-0,1790;2,053
206,821000;-0,7300;0,7131;-0,0307;1,021
206,842000;-0,0040;-0,9086;1,4922;1,747
206,863000;0,9042;-2,3529;2,3244;3,429
206,880000;1,1680;-3,1939;1,1020;3,575
206,903000;0,9720;-3,7568;-0,5489;3,919
206,921000;0,6846;-4,2487;-1,4889;4,554
206,943000;0,6730;-4,3558;-1,7748;4,751
206,962000;0,8217;-3,9283;-1,7363;4,373
206,984000;0,9528;-3,2026;-1,8270;3,808
207,004000;1,2404;-2,4223;-2,0228;3,391
207,022000;1,5950;-1,3827;-2,3156;3,133
207,048000;1,9749;-0,2288;-2,9567;3,563
207,062000;2,1166;0,9393;-3,9360;4,567
207,084000;1,9855;2,3090;-3,9248;4,968
207,106000;2,0756;3,4947;-1,5478;4,349
207,123000;2,4445;3,5128;3,9023;5,792
207,143000;3,7967;2,3028;10,0912;11,025
207,162000;4,2396;0,4633;4,0823;5,904
207,186000;2,0398;2,3120;-1,6983;3,520
207,203000;-1,5017;5,8678;-0,5156;6,079
207,223000;-3,4663;6,3917;1,3499;7,395
207,242000;-3,7889;4,8499;-0,9391;6,226
207,269000;-4,0505;4,5599;-3,7092;7,138
207,286000;-3,1932;3,6110;-2,9676;5,661
207,303000;-2,0654;1,0201;-2,2660;3,231
207,323000;-2,7154;-1,3864;-2,0336;3,665
207,344000;-3,0821;-2,2879;-1,3314;4,063
207,365000;-1,8575;-3,7780;-0,9631;4,319
207,387000;-1,1912;-4,5907;-0,5462;4,774
207,404000;-0,6388;-4,6481;-0,5894;4,729
207,426000;-0,1297;-4,4099;-0,9923;4,522
207,445000;0,1719;-3,9968;-0,8329;4,086
207,469000;0,5600;-3,6193;-0,0422;3,663
207,486000;0,6351;-3,0291;0,8346;3,206
207,506000;0,8302;-2,4395;0,8108;2,701
207,527000;0,7183;-1,5743;0,7083;1,870
207,547000;0,3217;-0,1113;0,9473;1,007
207,566000;0,1154;0,7257;1,3472;1,535
207,585000;-0,2528;1,5979;1,7486;2,382
207,609000;-0,8313;4,1313;2,3890;4,844
207,627000;0,5358;5,8273;2,5021;6,364
207,646000;2,2713;5,8858;1,4663;6,477
207,666000;2,4081;3,9872;-0,5791;4,694
207,689000;1,3907;1,9245;-0,8948;2,537
207,707000;-0,0928;1,2408;-0,3521;1,293
207,727000;0,0070;0,7418;0,3586;0,824
207,746000;-1,7437;2,2649;1,7604;3,357
207,766000;-2,7211;4,0242;3,6214;6,059
207,789000;-2,6343;3,0946;4,4131;5,999
207,808000;-2,2924;0,2277;1,4070;2,699
207,827000;-1,7944;-1,7437;-0,1920;2,509
207,846000;-0,6733;-2,5403;0,2717;2,642
207,867000;0,5079;-3,6264;0,6771;3,724
207,887000;0,7525;-4,2891;-0,2081;4,360
207,906000;0,7634;-4,4243;-1,1229;4,628
207,931000;1,1149;-4,4872;-1,5168;4,866
207,954000;1,3309;-4,3301;-2,0507;4,973
207,972000;1,3688;-4,0846;-2,6540;5,060
207,988000;1,6071;-3,8241;-2,7091;4,954
208,008000;1,8957;-2,9730;-2,5084;4,327
208,029000;2,2587;-1,4874;-2,2927;3,546
208,049000;2,3259;0,3148;-1,9011;3,020
208,070000;2,0634;2,2754;-1,3387;3,351
208,088000;2,0043;3,0838;-0,7450;3,753
208,111000;2,1318;3,4968;-0,0612;4,096
208,129000;2,6224;4,4808;3,6711;6,359
208,150000;2,1974;6,4870;14,5203;16,055
208,171000;-1,3997;7,5259;5,9657;9,705
208,189000;-2,0618;5,0054;-4,9631;7,344
208,210000;-1,3716;2,7170;-2,0510;3,670
208,230000;-2,0001;3,6104;-0,8227;4,209
208,250000;-1,7025;3,5947;-0,8630;4,070
208,274000;-1,0646;2,4326;-0,2109;2,664
208,292000;-0,8537;0,7764;-0,9432;1,490
208,310000;-0,9287;-0,6005;-2,2424;2,500
208,329000;-0,5790;-2,2528;-2,4015;3,343
208,350000;-0,2511;-3,3447;-1,9278;3,869
208,370000;-0,1097;-3,9977;-1,6746;4,336
208,394000;0,0321;-4,4602;-1,5380;4,718
208,415000;0,1184;-4,4475;-1,3367;4,646
208,433000;0,1520;-4,5474;-1,2292;4,713
208,454000;0,3120;-4,4136;-0,9131;4,518
208,475000;0,2010;-3,3974;-0,5781;3,452
208,497000;-0,0212;-2,2141;-0,1850;2,222
208,511000;-0,5126;-0,8945;0,3203;1,080
208,533000;-1,0203;0,2661;0,8551;1,358
208,553000;-1,4626;1,5257;1,5863;2,643
208,571000;-1,7798;3,5662;1,8883;4,410
208,591000;-0,9200;5,7341;2,1801;6,203
208,612000;0,5035;7,2367;1,8080;7,476
208,633000;0,8678;7,6735;-0,2252;7,726
208,653000;2,5591;3,0079;-1,1550;4,115
208,675000;3,8719;-0,6538;-0,3544;3,943
208,694000;1,7485;1,7646;0,3663;2,511
208,715000;-0,9104;4,2370;0,4487;4,357
208,732000;-0,9587;2,8872;0,2361;3,051
208,753000;-1,8714;2,0219;-0,0753;2,756
208,774000;-1,1769;0,7554;0,6393;1,538
208,796000;0,5771;-1,0354;2,5848;2,844
208,814000;0,7991;-2,1163;3,4795;4,150
208,836000;0,7548;-3,0305;1,6952;3,554
208,854000;0,6906;-3,8392;-0,6131;3,949
208,877000;0,8127;-4,2681;-1,3744;4,557
208,896000;0,9633;-4,4415;-1,4981;4,785
208,915000;0,8948;-4,2553;-1,4427;4,581
208,939000;0,7510;-3,8351;-1,3129;4,123
208,953000;0,9406;-3,5864;-1,2918;3,926
208,974000;1,3868;-3,3454;-1,5020;3,921
208,995000;1,0195;-2,0452;-1,6437;2,815
209,015000;1,2123;-0,6858;-1,7256;2,218
209,035000;1,2730;0,4870;-1,6075;2,108
209,054000;1,2740;1,7249;-1,2555;2,485
209,075000;1,5080;2,7163;0,6414;3,172
209,094000;3,1022;3,6600;9,8755;10,979
209,115000;4,2717;2,8351;10,7314;11,893
209,135000;3,2842;1,5393;-2,7579;4,556
209,156000;1,3193;2,4616;-2,5470;3,780
209,177000;-0,7988;5,4067;2,6501;6,074
209,197000;-1,7291;6,4810;0,5709;6,732
209,221000;-2,2684;6,8238;-1,8603;7,428
209,236000;-2,8400;5,7787;-2,5442;6,923
209,257000;-2,4954;3,7314;-2,8374;5,310
209,281000;-2,3246;1,5452;-2,7992;3,953
209,297000;-2,7496;-0,2524;-2,5705;3,772
209,317000;-2,9078;-1,6585;-2,0895;3,946
209,339000;-2,2131;-3,2049;-2,0828;4,417
209,361000;-0,9241;-4,6109;-2,0220;5,119
209,386000;1,4258;-6,9368;-2,4374;7,490
209,405000;-0,5922;-6,5574;-1,6425;6,786
209,417000;-1,5343;-4,2207;-0,5412;4,523
209,438000;-0,9647;-3,7031;-0,3578;3,843
209,458000;-0,7222;-3,0462;-0,2971;3,145
209,478000;-0,2999;-2,2744;0,1930;2,302
209,498000;-0,5923;-1,1522;0,9554;1,610
209,518000;-1,1174;-0,2566;1,6856;2,039
209,537000;-1,2891;0,2985;1,7128;2,164
209,558000;-1,4546;1,1316;1,5025;2,378
209,579000;-1,8020;2,9654;1,9212;3,966
209,599000;-0,9500;5,0369;2,6379;5,765
209,620000;0,4514;6,1024;2,4455;6,590
209,639000;1,5759;5,3283;0,7080;5,601
209,659000;1,1591;4,0958;0,1973;4,261
209,679000;0,3574;2,3321;0,5113;2,414
209,699000;0,5087;-0,4352;0,5271;0,852
209,720000;-0,3323;-0,0659;2,3860;2,410
209,740000;-1,5321;2,0332;4,9204;5,540
209,759000;-2,4784;2,3553;5,3141;6,319
209,780000;-3,1727;1,7641;1,8521;4,075
209,801000;-1,9251;0,0288;0,2482;1,941
209,820000;-0,0936;-1,3865;1,4556;2,012
209,841000;0,8553;-2,3479;2,1416;3,291
209,864000;1,2711;-3,2058;0,7579;3,531
209,882000;1,5930;-4,0865;-0,5039;4,415
209,903000;1,5437;-4,5222;-1,1956;4,926
209,921000;1,2714;-4,6504;-1,5999;5,080
209,941000;1,1206;-4,6720;-2,1908;5,280
209,961000;0,9015;-3,9970;-2,6427;4,876
209,982000;0,9840;-3,4487;-3,0327;4,697
210,002000;1,1079;-2,4643;-3,0438;4,070
210,024000;1,2647;-1,1519;-2,7604;3,248
210,049000;1,9069;-0,0845;-2,8520;3,432
210,066000;1,9317;1,2849;-2,8484;3,674
210,082000;1,5865;3,2060;-2,1786;4,188
210,103000;1,9253;4,7778;-0,9701;5,242
210,125000;2,3858;6,3849;1,1425;6,911
210,145000;2,0695;7,5625;11,4870;13,908
210,165000;-0,6219;7,1375;13,4345;15,225
210,184000;-2,1110;4,4435;-4,3722;6,582
210,203000;-0,6710;2,0562;-4,0375;4,580
210,226000;-0,0587;3,4667;0,2672;3,477
210,243000;-0,1832;3,8504;1,9160;4,305
210,264000;-0,8068;2,5315;0,3991;2,687
210,288000;-1,1689;1,2217;-1,7549;2,437
210,305000;-1,0967;-0,5868;-1,9076;2,277
210,325000;-1,0816;-2,0575;-1,4724;2,752
210,344000;-0,6029;-3,2055;-0,7095;3,338
210,364000;-0,1677;-4,2641;-0,0095;4,267
210,384000;0,3537;-5,0479;0,0618;5,061
210,404000;1,1400;-5,7838;-0,0120;5,895
210,425000;0,5908;-5,8791;0,0742;5,909
210,445000;-0,3899;-4,1107;0,1667;4,133
210,467000;-0,1299;-3,2675;0,2930;3,283
210,485000;-0,1847;-2,2950;0,5332;2,363
210,506000;-0,5807;-0,8034;0,6617;1,192
210,525000;-1,1832;0,9334;0,8228;1,717
210,547000;-1,4954;2,0822;0,8560;2,703
210,569000;-1,1817;3,4354;1,1363;3,807
210,591000;-0,7848;6,0005;1,4543;6,224
210,606000;0,6117;7,1898;1,7982;7,436
210,626000;3,2253;5,4976;0,6404;6,406
210,647000;3,8955;2,4614;-1,0756;4,732
210,665000;3,0372;0,5996;-1,6243;3,496
210,686000;1,7578;0,9312;-1,3966;2,431
210,706000;0,3440;3,5547;0,2840;3,583
210,729000;-0,8704;5,6204;1,7448;5,949
210,749000;-1,1953;3,4887;1,2973;3,909
210,767000;-2,5450;2,5324;0,3094;3,604
210,790000;-2,5847;1,9123;1,2149;3,437
210,809000;-1,4757;-0,4054;2,9397;3,314
210,828000;0,0847;-3,1390;3,6790;4,837
210,849000;0,9865;-4,7364;2,9029;5,642
210,870000;1,1903;-5,4225;0,9308;5,629
210,891000;1,3071;-5,8475;-0,4079;6,006
210,910000;0,9233;-5,6256;-0,8121;5,758
210,930000;0,5287;-5,0714;-1,0267;5,201
210,950000;0,4558;-4,5749;-1,0543;4,717
210,970000;0,5822;-4,2226;-1,0577;4,392
210,990000;0,4136;-3,5741;-1,5368;3,912
211,009000;0,5937;-2,5424;-1,8732;3,213
211,030000;0,6682;-1,0231;-1,6574;2,059
211,049000;0,7484;0,0815;-1,9832;2,121
211,071000;0,8329;1,2475;-2,8420;3,214
211,091000;1,0187;3,0346;-2,9751;4,370
211,115000;1,7280;4,5930;-1,5812;5,156
211,141000;2,9779;5,5577;1,4494;6,470
211,150000;5,1610;4,7206;11,5332;13,488
211,172000;2,7121;5,2027;9,5732;11,228
211,195000;-2,5381;6,7612;-4,3141;8,412
211,210000;-2,4494;4,7374;-1,0735;5,440
211,229000;-0,5950;2,8185;0,0776;2,882
211,252000;-0,8473;3,7979;1,1489;4,057
211,273000;-1,6324;3,6896;1,2569;4,226
211,291000;-1,8947;2,3736;-1,0990;3,230
211,310000;-1,8743;0,4983;-1,9907;2,779
211,333000;-1,7684;-1,2793;-1,6853;2,758
211,354000;-1,1394;-3,1279;-1,4307;3,623
211,372000;-0,6683;-4,3919;-1,1190;4,581
211,392000;-0,3543;-4,9709;-0,8798;5,061
211,412000;0,0750;-5,1360;-0,8288;5,203
211,433000;0,1096;-4,8870;-0,8058;4,954
211,452000;0,1746;-4,7005;-0,6322;4,746
211,473000;1,0601;-5,7887;-0,2885;5,892
211,492000;-1,0114;-4,3610;0,1736;4,480
211,512000;-1,0965;-2,3333;0,1765;2,584
211,534000;-1,1177;-0,6546;0,8482;1,548
211,553000;-1,6606;1,6600;2,4225;3,374
252,218000;0,0957;-4,4207;-2,6225;5,141
252,219000;1,0300;-4,3928;-2,7805;5,300
252,220000;2,8033;-5,7581;-2,8364;7,004
252,220000;0,8004;-3,9283;-2,8671;4,929
252,220000;0,7170;-0,8296;-3,1455;3,331
252,221000;0,6373;-5,6354;-0,4423;5,689
252,221000;0,3035;-6,0848;-0,0486;6,093
252,222000;-0,1055;-5,9314;0,0574;5,933
252,222000;-0,2934;-5,2899;-0,0597;5,298
252,223000;0,0278;-4,7916;-0,2253;4,797
252,474000;-0,2860;-3,8527;-0,3873;3,883
252,475000;0,6210;-2,2954;0,5236;2,435
252,475000;0,4007;0,0405;1,6435;1,692
252,476000;-0,8279;3,2940;3,0425;4,560
252,477000;-0,5871;5,6399;2,9893;6,410
252,477000;1,0728;6,9988;2,0154;7,362
252,478000;2,6888;7,9246;1,1503;8,447
252,478000;4,0005;7,6418;0,0141;8,626
252,479000;1,6207;7,5859;-1,5194;7,904
252,480000;0,9622;7,4742;-0,5720;7,558
252,480000;6,2849;0,3068;0,8458;6,349
252,481000;8,2728;1,9219;1,4476;8,616
252,495000;5,9842;5,3752;1,7382;8,230
252,515000;2,7266;4,6432;0,5260;5,410
252,534000;0,3957;2,8725;0,0665;2,900
252,556000;0,2781;-0,4269;0,4311;0,667
252,576000;0,7475;-3,0635;1,0111;3,312
252,596000;0,6192;-4,2372;1,2794;4,469
252,616000;0,3220;-5,2363;0,8916;5,321
252,637000;-0,4324;-5,5434;0,1914;5,563
252,657000;-1,4538;-5,3444;-1,0406;5,636
252,677000;-1,5754;-5,4498;-2,2253;6,094
252,697000;-0,7491;-5,8795;-2,2185;6,329
252,719000;0,3378;-5,8463;-2,0174;6,194
252,737000;1,6447;-5,9794;-1,8387;6,468
252,757000;1,1263;-4,7937;-1,4062;5,121
252,777000;-0,2146;-0,8380;-1,4427;1,682
252,797000;0,7498;1,7482;-2,7429;3,338
252,818000;1,7250;4,0534;-3,9375;5,908
252,838000;3,6972;4,5066;-3,4392;6,768
252,858000;5,7480;4,6786;-1,0791;7,490
252,878000;5,1730;7,4683;4,1975;10,008
252,898000;4,9669;12,5169;13,0358;18,742
252,918000;5,5093;6,8556;3,9090;9,625
252,938000;3,2554;3,1835;-3,1897;5,559
252,958000;-0,7737;4,1849;-1,9211;4,669
252,980000;1,4021;7,0198;0,1679;7,160
253,002000;0,0783;5,4890;3,4607;6,489
253,021000;-2,4740;2,2981;2,9969;4,515
253,040000;-2,5107;0,8403;-0,8656;2,786
253,059000;-2,9055;-1,1901;-2,8717;4,255
253,079000;-3,0904;-3,2228;-3,7544;5,834
253,100000;-0,8360;-5,4706;-3,1565;6,371
253,120000;0,2648;-6,9171;-1,8797;7,173
253,140000;0,6296;-7,8483;0,4863;7,889
253,161000;-0,0313;-8,5364;0,7238;8,567
253,180000;-2,2271;-6,6714;-1,1514;7,127
253,200000;-1,2869;-5,5129;-1,7862;5,936
253,220000;-0,6230;-3,5234;-0,2860;3,589
253,241000;-0,6278;-0,9955;1,8656;2,206
253,260000;-0,7906;0,6509;2,3876;2,598
253,280000;-1,6623;2,7188;2,5681;4,093
253,301000;-1,4975;4,8084;2,9773;5,850
253,321000;0,2640;5,7201;2,5573;6,271
253,341000;2,5178;7,1472;1,8657;7,804
253,361000;3,9540;7,6193;0,5899;8,604
253,381000;3,5681;5,4587;-1,4379;6,678
253,402000;1,8394;6,7050;-1,5755;7,129
253,423000;4,9611;2,6887;0,8836;5,712
253,441000;7,2058;3,1788;1,6828;8,054
253,461000;5,8565;6,4585;1,0489;8,781
253,482000;1,4604;5,3102;0,2802;5,514
253,502000;-1,0626;2,7357;-0,2257;2,943
253,522000;-0,6048;-0,4380;0,9550;1,212
253,543000;0,0401;-3,1473;4,0416;5,123
253,562000;0,2399;-4,7808;6,2727;7,890
253,584000;0,6058;-5,7977;2,1283;6,206
253,603000;0,5353;-6,5218;-1,2940;6,670
253,624000;0,3732;-6,5354;-1,6873;6,760
253,643000;0,1020;-6,1110;-1,7288;6,352
253,663000;-0,0846;-5,5049;-1,9093;5,827
253,684000;-0,2933;-4,4897;-2,0390;4,940
253,704000;0,2578;-3,8222;-1,9308;4,290
253,724000;1,1248;-3,2744;-1,9447;3,971
253,743000;1,8577;-2,2411;-1,9020;3,477
253,764000;1,7618;-0,1172;-1,9963;2,665
253,784000;1,6288;2,3105;-2,4696;3,754
253,804000;2,8124;3,1412;-3,1975;5,292
253,824000;3,7828;3,9781;-2,6199;6,083
253,845000;4,1324;7,9921;4,6268;10,117
253,865000;7,4193;9,1249;17,2157;20,849
253,884000;6,5285;5,5683;3,4216;9,238
253,906000;3,0384;4,8696;-2,5795;6,293
253,929000;-1,5479;6,2055;-1,2639;6,519
253,946000;-1,5215;6,7373;-0,0065;6,907
253,965000;-3,2082;6,5418;1,8208;7,510
253,986000;-3,7498;4,9541;1,9778;6,520
254,006000;-2,6728;1,9055;-1,2270;3,504
254,026000;-2,3013;-0,7068;-3,2689;4,060
254,047000;-2,3865;-2,9799;-3,1433;4,945
254,067000;-1,7140;-5,0729;-2,7715;6,029
254,088000;-0,0036;-6,8401;-2,6099;7,321
254,108000;0,3482;-7,6722;-1,2041;7,774
254,126000;0,2952;-7,9399;0,4268;7,957
254,147000;-1,3891;-6,3496;0,1842;6,502
254,167000;-0,5555;-5,5886;-0,5534;5,643
254,187000;-0,2528;-4,7255;-0,0746;4,733
254,207000;0,3805;-3,5584;0,5548;3,621
254,227000;0,8927;-2,1472;1,0894;2,568
254,247000;0,3799;0,0121;1,6972;1,739
254,268000;-0,3950;2,6066;2,1475;3,400
254,287000;0,1138;4,3491;2,3539;4,947
254,308000;1,5050;5,8034;2,1930;6,384
254,328000;2,9567;7,1834;1,4993;7,911
254,347000;3,2144;8,7359;0,0842;9,309
254,368000;0,5610;9,9770;-0,9175;10,035
254,388000;3,3889;3,5207;-0,7043;4,937
254,408000;6,3761;-0,7366;0,1854;6,421
254,428000;5,7791;1,6912;2,6983;6,598
254,449000;4,7200;6,5196;2,8504;8,539
254,470000;2,9456;6,4443;0,5192;7,105
254,490000;1,5229;3,8665;-0,4192;4,177
254,510000;0,9824;1,8639;-0,0783;2,108
254,530000;1,4622;-0,1862;0,7730;1,664
254,549000;2,0344;-2,4262;1,3078;3,426
254,570000;1,8439;-3,8150;0,7009;4,295
254,589000;1,6458;-4,6710;0,0714;4,953
254,609000;0,8514;-4,9691;-0,9018;5,122
254,630000;0,1689;-5,2556;-1,9251;5,600
254,651000;-0,3582;-5,1594;-2,3668;5,688
254,670000;-0,8346;-4,8095;-2,7179;5,587
254,691000;-0,7023;-4,2161;-3,0663;5,260
254,711000;0,0306;-3,7818;-3,1678;4,933
254,730000;0,5623;-2,9736;-2,9719;4,242
254,751000;1,1300;-1,8558;-3,0669;3,759
254,771000;1,5217;-0,5702;-3,5261;3,882
254,792000;1,0271;1,7207;-4,1054;4,568
254,812000;1,9502;3,4919;-3,9445;5,617
254,833000;4,0689;3,6993;-2,1317;5,898
254,851000;5,4481;3,4084;0,4819;6,444
254,872000;3,3733;8,4289;6,6856;11,275
254,892000;4,7097;9,0257;10,8100;14,849
254,912000;3,5041;5,2392;4,8763;7,969
254,934000;-2,4469;4,7800;-3,5187;6,420
254,951000;-2,6119;5,7439;-1,6772;6,529
254,972000;-2,2711;6,6929;3,0851;7,712
254,993000;-1,9610;3,7141;5,8244;7,181
255,013000;-1,1677;1,6413;1,7141;2,645
255,035000;-1,2327;0,7129;-2,9254;3,254
255,054000;-0,9275;-2,1020;-4,0221;4,632
255,073000;-0,4310;-4,6848;-2,3441;5,256
255,093000;0,3476;-5,8602;-1,6383;6,095
255,114000;0,2608;-6,2663;-1,2865;6,402
255,134000;-0,0873;-6,0415;-1,2121;6,163
255,154000;-0,5349;-5,3297;-1,1571;5,480
255,174000;-0,3704;-4,8527;-1,3618;5,054
255,196000;0,3390;-4,5669;-1,4385;4,800
255,214000;0,6227;-3,5440;-0,4854;3,631
255,234000;0,4867;-2,2911;0,4908;2,393
255,254000;0,0554;-0,2431;0,7236;0,765
255,275000;-0,6255;2,4180;1,1830;2,764
255,294000;-0,2161;3,7983;1,8788;4,243
255,314000;1,3929;5,5120;2,2463;6,113
255,337000;2,7104;7,7710;1,6160;8,387
255,355000;2,1738;10,6585;-0,1568;10,879
255,375000;2,7917;8,6903;-0,6241;9,149
255,395000;5,4971;2,9279;-1,4360;6,392
255,416000;6,5065;-0,0767;-0,3001;6,514
255,436000;5,7510;1,0851;2,3183;6,295
255,456000;4,1612;4,5164;3,3323;6,987
255,476000;1,7176;5,3188;1,8010;5,872
255,497000;-0,3450;3,3428;0,7047;3,434
255,517000;-0,7180;0,9563;1,8878;2,235
255,539000;-0,8765;-0,8088;4,4118;4,570
255,556000;-0,4010;-2,8808;5,5131;6,233
255,577000;0,0190;-4,5687;2,2536;5,094
255,597000;0,2706;-5,6076;-0,5804;5,644
255,617000;0,3711;-6,0971;-1,1116;6,209
255,637000;-0,2349;-5,7183;-1,3538;5,881
255,657000;-0,7655;-5,2275;-1,3757;5,459
255,677000;-0,7548;-4,9807;-1,7023;5,317
255,698000;-0,3912;-4,3350;-2,0850;4,826
255,718000;0,2122;-3,5712;-2,0467;4,122
255,737000;0,9285;-2,5588;-1,9397;3,342
255,758000;1,0347;-0,7241;-1,9479;2,321
255,778000;0,8614;1,7420;-3,0426;3,610
255,798000;1,8954;3,2385;-3,8151;5,351
255,819000;3,0320;3,5302;-4,4128;6,413
255,838000;3,2317;5,2667;-3,0253;6,880
255,858000;3,0582;7,7215;-0,4208;8,316
2183,472000;1,9786;-1,1546;-0,5043;2,346
2183,490000;3,6905;-0,6950;-3,5352;5,158
2183,511000;4,2977;0,3830;-5,0895;6,672
2183,531000;1,4543;0,7802;-4,5286;4,820
2183,552000;0,5960;1,0423;-2,0127;2,344
2183,574000;1,6494;1,2608;-0,0840;2,078
2183,592000;2,4921;1,9888;0,9145;3,317
2183,612000;2,8741;1,7235;0,6333;3,411
2183,633000;2,9367;1,4877;0,5802;3,343
2183,653000;1,8837;1,7126;1,8462;3,145
2183,673000;0,9888;1,0091;2,0902;2,523
2183,692000;0,1761;0,0499;1,1270;1,142
2183,713000;0,2406;-0,8582;2,0258;2,213
2183,733000;1,0965;-0,7967;2,4214;2,775
2183,752000;0,4897;-0,2244;2,0073;2,078
2183,775000;-0,5741;-0,5411;1,7824;1,949
2183,794000;-0,4454;-0,9686;1,5317;1,866
2183,813000;-0,3636;-0,8376;0,9475;1,316
2183,837000;0,2978;-0,7548;0,3530;0,885
2183,854000;1,0232;-0,6012;-0,4868;1,283
2183,875000;1,3318;-0,8445;-1,2246;1,997
2183,895000;1,0844;-0,8467;-1,2828;1,881
2183,915000;0,8100;-0,4979;-0,3743;1,022
2183,934000;0,4604;-0,0915;0,5342;0,711
2183,955000;0,0097;0,3940;0,7384;0,837
2183,975000;0,0701;0,5145;1,0635;1,184
2183,996000;0,4759;0,4107;1,0913;1,259
2184,015000;1,0285;0,3380;0,7565;1,321
2184,035000;1,1910;0,1449;0,3858;1,260
2184,055000;0,7406;-0,0647;0,9067;1,173
2184,076000;0,6961;-0,1576;1,3490;1,526
2184,095000;0,8232;-0,0241;1,3235;1,559
2184,116000;1,0806;0,0230;0,9168;1,417
2184,135000;1,1385;0,0641;0,4979;1,244
2184,157000;1,1667;0,0364;0,1362;1,175
2184,176000;1,2387;-0,0768;-0,1845;1,255
2184,197000;1,3601;-0,1144;-0,1247;1,371
2184,216000;1,5499;-0,0389;-0,0762;1,552
2184,237000;1,7797;-0,0356;-0,2852;1,803
2184,256000;1,6958;-0,0037;-0,5260;1,775
2184,278000;1,5033;0,0590;-0,5228;1,593
2184,296000;1,4721;0,0721;-0,1372;1,480
2184,318000;1,4561;0,1431;-0,0317;1,463
2184,337000;1,4251;-0,0322;0,3290;1,463
2184,358000;0,9326;0,0002;0,5549;1,085
2184,377000;1,0820;0,1411;0,2566;1,121
2184,398000;1,3527;0,1577;0,0047;1,362
2184,417000;1,2133;0,4167;0,7237;1,473
2184,440000;1,1949;0,3935;1,0340;1,628
2184,458000;1,1004;0,2515;0,9512;1,476
2184,479000;1,0030;0,1561;0,7625;1,270
2184,498000;1,0683;-0,0899;0,2975;1,113
2184,519000;0,8028;-0,2583;0,0541;0,845
2184,539000;0,5185;-0,4062;0,1142;0,668
2184,558000;0,1787;-0,5218;0,4552;0,715
2184,578000;-0,0842;-0,5563;0,3132;0,644
2184,599000;0,1961;-0,4694;-0,4343;0,669
2184,618000;0,6614;-0,3491;-0,7104;1,031
2184,640000;0,6536;-0,1580;-0,3731;0,769
2184,659000;0,7028;-0,0410;-0,0559;0,706
2184,680000;0,9682;0,0231;0,3973;1,047
2184,699000;1,0832;0,1095;0,7655;1,331
2184,720000;1,1839;0,1740;0,6692;1,371
2184,739000;1,1549;0,1800;0,4800;1,264
2184,760000;1,0777;0,1051;0,2898;1,121
2184,779000;0,9260;0,0733;0,4245;1,021
2184,801000;0,7601;0,1444;0,7828;1,101
2184,820000;0,6006;0,2433;0,8994;1,109
2184,841000;0,8131;0,3553;0,6266;1,086
2184,860000;1,2356;0,3703;0,3005;1,324
2184,881000;1,4565;0,2016;-0,0256;1,471
2184,900000;1,6109;-0,0629;-0,4730;1,680
2184,921000;1,5652;-0,2018;-0,6982;1,726
2184,940000;1,3216;-0,1712;-0,3728;1,384
2184,961000;1,0474;-0,0199;-0,1940;1,065
2184,980000;1,0107;0,0686;0,0867;1,017
2185,001000;0,9767;0,1711;0,5171;1,118
2185,021000;0,9975;0,1179;0,5636;1,152
2185,042000;1,0015;0,0633;0,4390;1,095
2185,061000;0,9408;0,0521;0,2870;0,985
2185,081000;0,9387;0,0075;0,1442;0,950
2185,101000;0,9295;-0,0915;0,1208;0,942
2185,124000;0,6945;-0,1847;0,3177;0,786
2185,142000;0,2627;-0,2155;0,6111;0,699
2185,163000;0,0697;-0,2359;0,6666;0,711
2185,181000;0,2740;-0,2022;0,5507;0,647
2185,203000;0,5659;-0,0857;0,4936;0,756
2185,222000;0,7171;-0,0079;0,3563;0,801
2185,243000;0,9535;-0,0020;0,2388;0,983
2185,263000;1,1471;0,0089;0,2073;1,166
2185,283000;1,2368;0,0284;0,1841;1,251
2185,304000;1,2798;0,0134;0,0889;1,283
2185,324000;1,2788;-0,0210;-0,0974;1,283
2185,347000;1,0879;-0,0567;-0,0940;1,093
2185,366000;0,8645;-0,0823;0,0178;0,869
2185,384000;0,7919;-0,0979;0,0430;0,799
2185,403000;0,6711;-0,0892;0,2397;0,718
2185,424000;0,4905;-0,1380;0,4279;0,665
2185,448000;0,6166;-0,1615;0,4522;0,782
2185,473000;0,6926;-0,0935;0,6322;0,942
2185,484000;0,6564;-0,0599;0,7276;0,982
2185,505000;0,6988;-0,1031;0,5437;0,891
2185,525000;0,6979;-0,0933;0,4409;0,831
2185,545000;0,8607;-0,0835;0,4162;0,960
2185,565000;0,8889;-0,0596;0,2670;0,930
2185,586000;0,8953;-0,0508;0,1503;0,909
2185,606000;0,8622;-0,0225;0,0674;0,865
2185,626000;0,9803;0,0155;-0,1101;0,987
2185,647000;1,1039;-0,0275;-0,0408;1,105
2185,666000;1,0300;-0,0418;0,1933;1,049
2185,688000;1,0165;-0,1044;0,2350;1,049
2185,707000;0,9183;-0,0855;0,2072;0,945
2185,727000;0,8337;0,0684;0,3275;0,898
2185,747000;0,9034;0,2031;0,3587;0,993
2185,767000;1,1044;0,1976;0,3101;1,164
2185,790000;1,1042;0,0867;0,3034;1,148
2185,806000;0,9950;0,0131;0,4441;1,090
2185,828000;0,8878;-0,0271;0,5863;1,064
2185,848000;0,7415;-0,0391;0,5050;0,898
2185,868000;0,6906;-0,0891;0,1412;0,710
2185,888000;0,7893;-0,0997;-0,0552;0,798
2185,909000;0,9026;-0,0908;0,0531;0,909
2185,928000;0,9031;-0,0675;0,1247;0,914
2185,949000;0,8523;-0,0296;0,2150;0,880
2185,971000;1,0086;0,0523;0,0261;1,010
2185,989000;1,1796;0,0999;-0,0124;1,184
2186,008000;1,1481;0,1418;0,2381;1,181
2186,028000;1,0449;0,0437;0,3594;1,106
2186,049000;0,7517;-0,0843;0,5701;0,947
2186,069000;0,4970;-0,1887;1,3546;1,455
2186,089000;0,1853;-0,0560;2,2052;2,214
2186,108000;0,4426;-0,2215;-0,2228;0,543
